#Data tag : 19v3 , Norm tag: None
#run:fill,time,nls,ncms,delivered(/fb),recorded(/fb)
314090:6545,04/12/18 08:00:05,1,0,0,0
314093:6545,04/12/18 08:09:15,133,130,0.000011342,0.000010353
314094:6545,04/12/18 09:20:24,542,542,0.000059939,0.000058872
314140:6553,04/13/18 04:34:40,14,2,0,0
314141:6553,04/13/18 04:39:49,646,633,0.000077031,0.000075953
314146:6553,04/13/18 08:50:32,155,149,0.000000114,0.000000110
314154:6553,04/13/18 09:50:31,37,31,0.000000014,0.000000012
314155:6553,04/13/18 10:04:54,20,20,0.000000006,0.000000006
314435:6566,04/16/18 20:06:25,16,4,0,0
314436:6566,04/16/18 20:12:31,285,285,0.000017775,0.000016788
314451:6569,04/17/18 06:38:44,60,0,0.000000004,0
314453:6569,04/17/18 07:01:47,41,34,0.000000003,0.000000001
314454:6569,04/17/18 07:17:33,65,50,0.000000004,0.000000003
314455:6569,04/17/18 07:42:34,167,167,0.000022198,0.000021858
314471:6570,04/17/18 10:28:30,17,3,0.000000001,0
314472:6570,04/17/18 10:34:28,89,85,0.000018806,0.000016424
314473:6570,04/17/18 11:08:50,18,13,0.000006490,0.000004340
314474:6570,04/17/18 11:15:37,18,13,0.000006370,0.000004185
314475:6570,04/17/18 11:22:23,18,13,0.000006258,0.000004169
314476:6570,04/17/18 11:29:10,17,12,0.000005811,0.000003899
314477:6570,04/17/18 11:35:47,17,12,0.000005712,0.000003699
314478:6570,04/17/18 11:42:13,17,12,0.000005623,0.000003839
314479:6570,04/17/18 11:48:40,16,12,0.000005215,0.000003714
314480:6570,04/17/18 11:54:40,18,13,0.000005784,0.000003935
314481:6570,04/17/18 12:01:28,18,13,0.000005698,0.000003840
314482:6570,04/17/18 12:08:11,16,12,0.000004992,0.000003650
314483:6570,04/17/18 12:14:12,19,12,0.000005856,0.000003541
314485:6570,04/17/18 12:21:29,18,13,0.000005465,0.000003625
314486:6570,04/17/18 12:28:12,18,13,0.000005393,0.000003588
314487:6570,04/17/18 12:35:09,21,15,0.000006200,0.000004038
314488:6570,04/17/18 12:43:11,19,13,0.000005527,0.000003643
314490:6570,04/17/18 12:50:26,20,13,0.000005726,0.000003394
314491:6570,04/17/18 12:57:56,20,14,0.000005643,0.000003593
314492:6570,04/17/18 13:05:28,27,19,0.000007487,0.000005136
314494:6570,04/17/18 13:15:48,31,22,0.000008430,0.000005842
314495:6570,04/17/18 13:27:28,22,14,0.000005871,0.000003453
314496:6570,04/17/18 13:35:57,24,16,0.000006300,0.000003875
314497:6570,04/17/18 13:45:08,21,12,0.000005437,0.000002939
314498:6570,04/17/18 13:52:56,21,13,0.000005368,0.000002995
314499:6570,04/17/18 14:00:58,21,13,0.000005298,0.000003149
314500:6570,04/17/18 14:09:08,20,12,0.000004982,0.000002837
314501:6570,04/17/18 14:16:39,21,12,0.000005175,0.000002813
314502:6570,04/17/18 14:24:32,21,12,0.000005120,0.000002791
314503:6570,04/17/18 14:32:37,21,13,0.000005048,0.000002820
314504:6570,04/17/18 14:40:25,21,12,0.000005004,0.000002758
314506:6570,04/17/18 14:48:25,25,17,0.000005884,0.000003782
314507:6570,04/17/18 14:58:07,22,13,0.000005108,0.000002864
314508:6570,04/17/18 15:06:37,22,14,0.000005049,0.000002998
314509:6570,04/17/18 15:15:04,20,12,0.000004530,0.000002572
314510:6570,04/17/18 15:22:38,20,12,0.000004478,0.000002540
314511:6570,04/17/18 15:30:11,23,14,0.000005084,0.000002665
314512:6570,04/17/18 15:38:47,20,12,0.000004369,0.000002499
314513:6570,04/17/18 15:46:20,21,12,0.000004536,0.000002435
314515:6570,04/17/18 15:54:12,79,75,0.000016577,0.000015341
314521:6570,04/17/18 16:24:44,56,48,0.000011289,0.000009260
314524:6570,04/17/18 16:46:26,21,12,0.000004154,0.000002227
314527:6570,04/17/18 16:54:14,69,12,0.000013313,0.000002211
314529:6570,04/17/18 17:20:45,33,29,0.000006199,0.000005063
314530:6570,04/17/18 17:33:18,120,120,0.000014016,0.000013797
314552:6573,04/17/18 22:07:16,26,2,0.000000002,0
314555:6573,04/17/18 22:16:39,14,8,0,0
314556:6573,04/17/18 22:21:58,43,30,0.000006223,0.000002279
314557:6573,04/17/18 22:38:35,41,24,0.000007118,0.000003809
314558:6573,04/17/18 22:54:32,47,28,0.000007920,0.000004530
314559:6573,04/17/18 23:12:29,20,9,0.000003313,0
314560:6573,04/17/18 23:19:56,54,4,0.000008793,0
314562:6573,04/17/18 23:40:52,12,3,0.000001924,0.000000018
314563:6573,04/17/18 23:45:17,38,23,0.000006010,0.000003448
314564:6573,04/17/18 23:59:50,39,25,0.000005357,0.000003455
314565:6573,04/18/18 00:14:50,44,26,0.000006724,0.000003835
314566:6573,04/18/18 00:31:36,44,26,0.000006610,0.000003828
314567:6573,04/18/18 00:48:32,42,27,0.000006203,0.000003800
314568:6573,04/18/18 01:04:38,21,2,0.000003069,0
314570:6573,04/18/18 01:12:32,42,25,0.000006064,0.000003434
314571:6573,04/18/18 01:28:33,42,27,0.000005971,0.000003697
314572:6573,04/18/18 01:44:37,38,24,0.000005317,0.000003155
314573:6573,04/18/18 01:59:09,38,23,0.000005246,0.000003040
314574:6573,04/18/18 02:13:40,344,338,0.000043897,0.000042283
314575:6573,04/18/18 04:27:20,38,30,0.000004540,0.000002516
314576:6573,04/18/18 04:41:47,74,74,0.000009283,0.000009099
314648:6574,04/18/18 20:07:07,21,2,0.000000004,0
314649:6574,04/18/18 20:15:13,90,86,0.000070284,0.000061076
314650:6574,04/18/18 20:49:52,670,664,0.000706160,0.000664537
314651:6574,04/19/18 01:10:10,68,7,0.000058567,0.000005139
314652:6574,04/19/18 01:36:36,32,13,0.000026839,0.000009946
314653:6574,04/19/18 01:48:42,21,12,0.000017390,0.000009021
314654:6574,04/19/18 01:56:47,20,12,0.000016331,0.000009139
314655:6574,04/19/18 02:04:21,21,12,0.000017028,0.000008979
314656:6574,04/19/18 02:12:16,20,12,0.000016071,0.000008601
314657:6574,04/19/18 02:19:53,20,12,0.000015862,0.000008960
314658:6574,04/19/18 02:27:30,21,12,0.000016424,0.000008682
314659:6574,04/19/18 02:35:20,23,12,0.000017803,0.000008512
314660:6574,04/19/18 02:44:10,21,12,0.000016139,0.000008532
314661:6574,04/19/18 02:51:59,24,11,0.000018182,0.000007985
314662:6574,04/19/18 03:01:05,23,14,0.000017271,0.000009521
314663:6574,04/19/18 03:09:48,538,518,0.000365868,0.000324039
314664:6574,04/19/18 06:38:33,190,184,0.000122875,0.000113164
314665:6574,04/19/18 07:52:19,20,20,0.000013834,0.000013002
314747:6579,04/19/18 22:14:35,44,35,0.000418167,0.000238566
314748:6579,04/19/18 22:31:02,55,30,0.000580718,0.000154591
314750:6579,04/19/18 22:52:10,18,10,0.000202901,0.000000004
314751:6579,04/19/18 22:59:09,20,10,0.000223108,0.000000011
314752:6579,04/19/18 23:06:47,20,11,0.000219982,0.000000001
314753:6579,04/19/18 23:14:31,13,2,0.000141245,0.000000450
314754:6579,04/19/18 23:19:32,22,12,0.000236183,0.000098846
314755:6579,04/19/18 23:27:49,365,352,0.003469526,0.003036000
314756:6579,04/20/18 01:49:24,221,212,0.001771472,0.001554100
314757:6579,04/20/18 03:15:17,119,106,0.000872656,0.000759352
314758:6579,04/20/18 04:01:27,24,21,0.000169722,0.000129858
314759:6579,04/20/18 04:10:44,698,681,0.004267370,0.003810035
314764:6579,04/20/18 08:41:40,248,248,0.001277917,0.001172157
314808:6583,04/20/18 17:35:10,1,1,0.000000002,0.000000002
314809:6583,04/20/18 17:39:00,3,1,0.000011230,0.000006495
314810:6583,04/20/18 17:45:12,129,121,0.000923202,0.000785302
314811:6583,04/20/18 18:35:12,785,785,0.004996442,0.004562133
314816:6584,04/21/18 01:52:50,1062,1062,0.009398173,0.008580866
314848:6592,04/21/18 20:30:21,559,559,0.000483244,0.000476019
314859:6594,04/22/18 07:25:31,76,71,0.004323232,0.003789624
314860:6594,04/22/18 07:54:48,64,55,0.003805613,0.003200527
314861:6594,04/22/18 08:19:41,34,16,0.001971429,0.000872297
314863:6594,04/22/18 08:32:52,49,32,0.002755894,0.001692345
314864:6594,04/22/18 08:51:53,54,41,0.002931174,0.002168240
314865:6594,04/22/18 09:12:53,47,28,0.002468097,0.001400400
314867:6594,04/22/18 09:30:57,70,48,0.003661684,0.002459531
314870:6594,04/22/18 09:58:03,98,29,0.004885460,0.001427617
314872:6594,04/22/18 10:35:57,33,10,0.001579099,0.000433308
314873:6594,04/22/18 10:48:31,49,34,0.002301616,0.001506735
314874:6594,04/22/18 11:07:31,48,38,0.002192034,0.001676626
314875:6594,04/22/18 11:26:03,165,151,0.007323917,0.006526073
314876:6594,04/22/18 12:30:00,56,43,0.002346967,0.001727652
314877:6594,04/22/18 12:51:41,55,42,0.002239040,0.001654315
314878:6594,04/22/18 13:13:01,543,543,0.019443604,0.018943243
314889:6595,04/22/18 19:52:35,1,1,0.000000011,0
314890:6595,04/22/18 19:57:37,1414,1414,0.041178236,0.040125031
315103:6611,04/24/18 20:17:26,12,0,0.000000048,0
315104:6611,04/24/18 20:21:54,286,267,0.014382212,0.013028613
315105:6611,04/24/18 22:12:44,10,3,0.000522898,0.000013328
315106:6611,04/24/18 22:16:24,569,557,0.026552174,0.025036684
315107:6611,04/25/18 01:57:11,472,456,0.017309436,0.015623546
315108:6611,04/25/18 05:00:27,230,225,0.007470013,0.006751494
315111:6611,04/25/18 06:29:43,91,80,0.002886494,0.002358763
315112:6611,04/25/18 07:04:48,10,10,0.000296518,0.000293056
315149:6612,04/25/18 11:50:28,16,2,0.000000117,0.000000005
315150:6612,04/25/18 11:56:20,137,122,0.010572882,0.007370103
315151:6612,04/25/18 12:49:14,88,77,0.009833848,0.008051049
315154:6612,04/25/18 13:23:12,213,200,0.022171984,0.019509521
315157:6612,04/25/18 14:45:41,48,17,0.004722496,0.001547190
315159:6612,04/25/18 15:04:01,199,154,0.018034929,0.013418889
315163:6612,04/25/18 16:21:08,48,38,0.004123914,0.003115728
315165:6612,04/25/18 16:39:36,54,45,0.004619034,0.003750930
315166:6612,04/25/18 17:00:16,90,79,0.007421389,0.006371906
315167:6612,04/25/18 17:35:10,76,65,0.006000858,0.005014227
315168:6612,04/25/18 18:04:33,62,52,0.004728714,0.003858468
315171:6612,04/25/18 18:28:39,45,37,0.003335693,0.002630999
315172:6612,04/25/18 18:46:08,327,327,0.022178423,0.021268959
315177:6613,04/25/18 23:07:12,14,0,0.000000092,0
315179:6613,04/25/18 23:12:40,77,65,0.005712698,0.003910743
315180:6613,04/25/18 23:42:17,24,24,0.002456243,0.002407354
315186:6614,04/26/18 01:26:44,18,2,0.000000124,0.000000009
315187:6614,04/26/18 01:33:04,53,43,0.002609335,0.001068831
315188:6614,04/26/18 01:53:29,317,305,0.035306752,0.033205096
315189:6614,04/26/18 03:56:35,393,383,0.037236958,0.034201614
315190:6614,04/26/18 06:29:10,101,101,0.007973175,0.007606506
315239:6615,04/26/18 17:32:32,28,13,0.000000202,0.000000083
315240:6615,04/26/18 17:42:56,47,7,0.003227507,0.000000019
315242:6615,04/26/18 18:00:57,70,60,0.007663087,0.006297345
315243:6615,04/26/18 18:27:58,58,48,0.006549680,0.005258113
315244:6615,04/26/18 18:50:22,82,42,0.008879828,0.004418054
315246:6615,04/26/18 19:21:56,35,25,0.003713208,0.002598220
315247:6615,04/26/18 19:35:24,25,14,0.002604451,0.000975623
315248:6615,04/26/18 19:44:55,11,3,0.001133350,0.000000003
315249:6615,04/26/18 19:49:02,8,3,0.000819562,0.000000003
315250:6615,04/26/18 19:52:08,62,55,0.006374760,0.005455047
315252:6615,04/26/18 20:16:13,67,59,0.006699446,0.005719901
315255:6615,04/26/18 20:42:15,71,54,0.006805971,0.005053251
315257:6615,04/26/18 21:09:40,96,92,0.008780380,0.007979264
315258:6615,04/26/18 21:46:55,21,1,0.001857777,0.000017429
315259:6615,04/26/18 21:54:51,182,182,0.014811324,0.014365838
315262:6616,04/27/18 02:26:53,17,0,0.000000201,0
315264:6616,04/27/18 02:33:29,272,262,0.044470332,0.040749295
315265:6616,04/27/18 04:18:55,63,58,0.010474391,0.006684174
315266:6616,04/27/18 04:43:07,42,33,0.006775183,0
315267:6616,04/27/18 04:59:11,253,244,0.038752330,0.036401502
315268:6616,04/27/18 06:37:12,19,3,0.002717366,0.000000013
315270:6616,04/27/18 06:44:15,663,655,0.082138947,0.079233284
315273:6616,04/27/18 11:01:34,46,46,0.005278623,0.005178836
315318:6617,04/27/18 14:11:59,21,2,0.000000261,0.000000004
315320:6617,04/27/18 14:19:48,25,14,0.000000312,0.000000145
315321:6617,04/27/18 14:29:17,10,1,0.000000124,0.000000008
315322:6617,04/27/18 14:33:01,1361,1361,0.183782080,0.179317185
315338:6618,04/28/18 02:47:45,12,0,0.000000138,0
315339:6618,04/28/18 02:52:24,661,661,0.096218152,0.093575688
315344:6619,04/28/18 10:17:12,3,1,0,0
315355:6620,04/28/18 19:09:03,18,0,0.000000295,0
315357:6620,04/28/18 19:15:43,839,839,0.158457328,0.154318577
315360:6621,04/29/18 02:58:06,13,0,0.000000195,0
315361:6621,04/29/18 03:02:48,623,619,0.123769152,0.118994478
315362:6621,04/29/18 07:04:37,11,2,0.001913158,0
315363:6621,04/29/18 07:08:35,197,136,0.032819438,0.018479566
315365:6621,04/29/18 08:24:51,39,25,0.006442322,0.004018067
315366:6621,04/29/18 08:40:01,764,764,0.102582439,0.100834468
315400:6622,04/29/18 15:39:12,15,0,0,0
315401:6622,04/29/18 15:44:50,55,44,0.000004264,0.000001713
315402:6622,04/29/18 16:06:06,43,32,0.000009087,0.000006622
315403:6622,04/29/18 16:22:41,69,58,0.000014186,0.000011653
315404:6622,04/29/18 16:49:25,52,39,0.000010534,0.000007753
315405:6622,04/29/18 17:09:36,41,30,0.000007943,0.000005677
315406:6622,04/29/18 17:25:10,86,86,0.000009641,0.000009500
315417:6624,04/29/18 23:33:30,14,0,0.000000200,0
315419:6624,04/29/18 23:38:48,13,2,0.000000190,0.000000019
315420:6624,04/29/18 23:43:40,1754,1754,0.262969840,0.257116677
315487:6628,04/30/18 18:46:14,17,2,0.000000336,0.000000008
315488:6628,04/30/18 18:52:42,1126,1114,0.245414693,0.234588717
315489:6628,05/01/18 02:09:59,730,709,0.106748507,0.102182395
315490:6628,05/01/18 06:53:23,41,41,0.004538946,0.004356961
315503:6629,05/01/18 09:44:47,50,0,0.000023226,0
315506:6629,05/01/18 10:04:00,111,100,0.036839155,0.031134288
315509:6629,05/01/18 10:46:52,61,53,0.019868318,0.016619079
315510:6629,05/01/18 11:10:29,352,346,0.106235965,0.100745732
315512:6629,05/01/18 13:27:09,1125,1125,0.233214496,0.228930780
315542:6633,05/02/18 03:42:46,17,2,0.000000329,0.000000021
315543:6633,05/02/18 03:48:51,173,173,0.041998536,0.040697782
315554:6636,05/02/18 09:18:15,43,3,0.000000876,0.000000032
315555:6636,05/02/18 09:34:39,107,97,0.032470585,0.026350016
315556:6636,05/02/18 10:15:54,37,27,0.012437538,0.008214690
315557:6636,05/02/18 10:30:10,284,284,0.084424387,0.082334904
315638:6638,05/02/18 21:07:03,20,2,0.000000474,0.000000036
315640:6638,05/02/18 21:14:12,109,87,0.027292521,0.014320389
315641:6638,05/02/18 21:56:12,19,4,0.006993108,0.001206105
315642:6638,05/02/18 22:03:16,100,92,0.034716279,0.030611117
315644:6638,05/02/18 22:42:00,198,184,0.067524176,0.061475660
315645:6638,05/02/18 23:58:43,601,594,0.164397367,0.158932344
315646:6638,05/03/18 03:51:56,1048,1033,0.189053391,0.183546425
315647:6638,05/03/18 10:38:46,65,58,0.009198008,0.007608846
315648:6638,05/03/18 11:04:01,123,123,0.016194975,0.015786657
315684:6639,05/03/18 14:29:02,15,0,0.000000356,0
315687:6639,05/03/18 14:34:26,21,12,0.000000494,0.000000019
315688:6639,05/03/18 14:42:30,18,10,0.000000448,0.000000120
315689:6639,05/03/18 14:49:26,1200,1187,0.343797485,0.331354927
315690:6639,05/03/18 22:35:38,659,659,0.117726108,0.115630990
315700:6640,05/04/18 07:47:28,17,0,0.000000338,0
315702:6640,05/04/18 07:53:52,120,113,0.029521731,0.025389966
315703:6640,05/04/18 08:40:27,555,545,0.160056043,0.152388984
315704:6640,05/04/18 12:15:58,69,61,0.016411606,0.014132135
315705:6640,05/04/18 12:42:46,706,706,0.129593148,0.127294813
315712:6641,05/04/18 19:14:38,20,3,0.000000562,0.000000036
315713:6641,05/04/18 19:22:12,1128,1128,0.368727030,0.355807100
315719:6642,05/05/18 04:45:36,28,3,0.000000782,0.000000060
315721:6642,05/05/18 04:55:49,635,635,0.219503832,0.211523159
315739:6643,05/05/18 11:36:27,23,2,0.000000696,0.000000013
315741:6643,05/05/18 11:44:54,97,97,0.028978196,0.027184646
315762:6645,05/05/18 15:27:33,18,2,0.000000501,0.000000013
315764:6645,05/05/18 15:34:30,316,316,0.118349001,0.113000037
315768:6646,05/06/18 02:00:02,16,0,0.000000461,0
315770:6646,05/06/18 02:05:37,336,336,0.127594398,0.122680204
315773:6647,05/06/18 07:37:53,17,0,0.000000470,0
315775:6647,05/06/18 07:44:20,6,6,0.000000170,0.000000142
315782:6648,05/06/18 10:49:04,19,0,0.000000419,0
315784:6648,05/06/18 10:56:07,224,200,0.083081129,0.070443696
315785:6648,05/06/18 12:23:07,315,305,0.109463579,0.102831376
315786:6648,05/06/18 14:25:10,87,82,0.026277812,0.021209789
315787:6648,05/06/18 14:58:43,472,462,0.127622321,0.122026033
315788:6648,05/06/18 18:02:05,16,4,0.003728704,0.000000139
315789:6648,05/06/18 18:07:59,13,3,0.003033215,0.000021835
315790:6648,05/06/18 18:12:53,928,928,0.171653378,0.167863568
315798:6650,05/07/18 06:34:43,1,0,0.000000021,0
315800:6650,05/07/18 06:39:49,638,626,0.223909315,0.212455709
315801:6650,05/07/18 10:57:12,345,345,0.097823481,0.095327662
315840:6654,05/07/18 21:17:19,1137,1137,0.355135662,0.344661399
315971:6659,05/08/18 23:11:44,18,3,0.000000398,0.000000031
315973:6659,05/08/18 23:18:25,924,915,0.287791846,0.277721668
315974:6659,05/09/18 05:17:09,79,79,0.020137948,0.019315660
316057:6662,05/09/18 20:26:02,15,3,0.000000316,0.000000028
316058:6662,05/09/18 20:31:21,410,405,0.143740664,0.136328744
316059:6662,05/09/18 23:10:21,574,568,0.172930717,0.163282062
316060:6662,05/10/18 02:53:15,945,935,0.194569681,0.187856740
316061:6662,05/10/18 09:00:15,216,207,0.034769539,0.032210626
316062:6662,05/10/18 10:24:04,22,22,0.003658387,0.003440787
316080:6663,05/10/18 12:28:33,2,0,0.000000051,0.000000002
316082:6663,05/10/18 12:32:00,389,389,0.148038794,0.143308959
316108:6666,05/10/18 20:54:10,20,7,0.000000405,0.000000107
316109:6666,05/10/18 21:01:36,54,45,0.010039605,0.003542880
316110:6666,05/10/18 21:22:27,217,210,0.084147740,0.079017104
316111:6666,05/10/18 22:46:45,59,48,0.020773267,0.014573458
316112:6666,05/10/18 23:09:31,19,10,0.006499508,0.000000229
316113:6666,05/10/18 23:16:41,68,64,0.022720996,0.019663098
316114:6666,05/10/18 23:42:59,1647,1647,0.371661977,0.362106385
316147:6672,05/11/18 16:32:28,23,2,0.000000459,0.000000023
316149:6672,05/11/18 16:40:50,10,4,0.000000208,0
316150:6672,05/11/18 16:44:28,25,10,0.001290387,0
316151:6672,05/11/18 16:53:50,25,5,0.007980483,0.001399063
316153:6672,05/11/18 17:03:13,775,775,0.252717050,0.245685545
316185:6674,05/12/18 02:39:56,16,3,0.000000330,0.000000040
316186:6674,05/12/18 02:45:54,84,81,0.021700349,0.018238351
316187:6674,05/12/18 03:18:33,2101,2077,0.536605513,0.509898054
316198:6675,05/12/18 18:36:55,1,0,0.000000065,0
316199:6675,05/12/18 18:42:48,1180,1176,0.406878169,0.391612718
316200:6675,05/13/18 02:29:15,19,10,0.004809842,0.002148086
316201:6675,05/13/18 02:36:35,507,498,0.113428524,0.106020320
316202:6675,05/13/18 05:53:20,410,410,0.075814090,0.073317598
316214:6677,05/13/18 11:41:17,2,0,0.000000121,0
316216:6677,05/13/18 11:55:51,488,465,0.189648285,0.172663823
316217:6677,05/13/18 15:05:04,278,264,0.092535997,0.085089435
316218:6677,05/13/18 16:52:48,1031,1023,0.245384508,0.236899957
316219:6677,05/13/18 23:33:20,292,292,0.050109676,0.048576384
316239:6681,05/14/18 05:38:12,624,613,0.222455943,0.210313777
316240:6681,05/14/18 09:45:29,1234,1224,0.284564678,0.273300084
316241:6681,05/14/18 17:44:39,330,330,0.054003079,0.051816297
316268:6683,05/15/18 00:03:59,2,0,0.000000118,0
316271:6683,05/15/18 00:10:24,98,98,0.035453028,0.032571791
316360:6688,05/15/18 17:03:40,2,0,0.000000002,0.000000002
316361:6688,05/15/18 17:09:49,221,215,0.032629840,0.028532316
316362:6688,05/15/18 18:35:05,453,450,0.057688344,0.054941163
316363:6688,05/15/18 21:31:00,55,55,0.005507464,0.005064104
316375:6690,05/16/18 01:42:48,1,0,0.000000002,0
316377:6690,05/16/18 01:52:23,37,33,0.006427292,0.002664649
316378:6690,05/16/18 02:06:25,36,29,0.007553446,0.003270940
316379:6690,05/16/18 02:20:14,80,70,0.016244575,0.008038051
316380:6690,05/16/18 02:51:00,1218,1218,0.175976660,0.171910878
316440:6692,05/16/18 16:42:45,16,8,0.003098060,0.000000017
316441:6692,05/16/18 16:50:11,13,6,0.002136661,0.000000001
316442:6692,05/16/18 16:55:11,6,4,0.001599938,0
316455:6693,05/16/18 19:02:55,51,44,0.013798498,0.010930417
316456:6693,05/16/18 19:33:10,14,3,0.004399107,0.000554557
316457:6693,05/16/18 19:38:29,1461,1461,0.326097095,0.316789864
316464:6694,05/17/18 07:32:52,2,0,0.000000087,0
316469:6694,05/17/18 07:42:15,640,637,0.211471340,0.203617242
316470:6694,05/17/18 11:54:10,480,476,0.117524939,0.112704943
316472:6694,05/17/18 15:00:36,351,351,0.069038261,0.066959999
316504:6696,05/18/18 00:02:50,1,0,0.000000049,0
316505:6696,05/18/18 00:07:30,1341,1341,0.405992814,0.392474396
316556:6699,05/18/18 19:16:59,4,0,0,0
316557:6699,05/18/18 19:25:56,2,1,0.000000002,0.000000002
316559:6699,05/18/18 20:27:00,494,494,0.000675716,0.000661548
316568:6700,05/19/18 02:02:30,2,1,0.000000052,0.000000002
316569:6700,05/19/18 02:07:51,1943,1943,0.496439094,0.481742912
316589:6702,05/19/18 20:44:39,1,0,0.000000020,0
316590:6702,05/19/18 20:49:17,517,517,0.190864699,0.184631664
316612:6706,05/20/18 07:29:11,2,0,0.000000021,0.000000002
316613:6706,05/20/18 07:33:46,219,211,0.035747051,0.033433232
316614:6706,05/20/18 09:10:41,6,2,0.000973401,0.000031496
316615:6706,05/20/18 09:12:46,345,345,0.049805278,0.048727731
316638:6707,05/20/18 13:22:42,2,2,0.000000054,0.000000053
316658:6709,05/20/18 19:44:23,19,0,0.005763207,0
316664:6709,05/20/18 20:04:23,21,13,0.007184736,0.000004862
316665:6709,05/20/18 20:12:33,255,247,0.101559699,0.094985979
316666:6709,05/20/18 21:51:34,989,981,0.281493892,0.269015571
316667:6709,05/21/18 04:15:41,198,198,0.042146068,0.040734934
316700:6710,05/21/18 11:27:57,399,372,0.149106388,0.130413236
316701:6710,05/21/18 14:12:33,486,479,0.146925863,0.138597175
316702:6710,05/21/18 17:21:19,389,389,0.094904005,0.092043528
316714:6711,05/22/18 00:58:06,1,0,0.000000002,0.000000002
316715:6711,05/22/18 01:08:56,56,47,0.019105042,0.006557562
316716:6711,05/22/18 01:30:22,190,181,0.070397425,0.059579907
316717:6711,05/22/18 02:44:01,198,193,0.066041832,0.061149804
316718:6711,05/22/18 04:00:36,353,348,0.101141434,0.095539454
316719:6711,05/22/18 06:17:38,151,144,0.037651978,0.031789538
316720:6711,05/22/18 07:16:07,190,182,0.043195167,0.040113813
316721:6711,05/22/18 08:29:43,42,27,0.008924389,0.003777346
316722:6711,05/22/18 08:45:58,754,751,0.134806473,0.129484051
316723:6711,05/22/18 13:38:49,120,120,0.017197395,0.016711711
316753:6712,05/22/18 16:20:54,2,0,0.000000115,0
316757:6712,05/22/18 16:31:29,7,1,0.002202905,0.000025968
316758:6712,05/22/18 16:39:07,1618,1618,0.459958654,0.443287397
316766:6714,05/23/18 05:30:59,2181,2181,0.565534176,0.547318105
316873:6719,05/24/18 23:02:23,1,0,0,0
316876:6719,05/24/18 23:04:26,633,624,0.236331803,0.213213129
316877:6719,05/25/18 03:18:17,405,401,0.113498410,0.108482659
316878:6719,05/25/18 05:55:25,16,8,0.003941491,0.000000136
316879:6719,05/25/18 06:01:35,199,199,0.046381379,0.042531309
316926:6724,05/25/18 17:10:45,3,0,0.000000090,0.000000002
316928:6724,05/25/18 17:15:17,168,168,0.048623186,0.046891981
316944:6729,05/26/18 14:17:49,1825,1825,0.502776713,0.484591894
316984:6731,05/27/18 19:47:24,1,1,0.000000054,0
316985:6731,05/27/18 19:51:44,496,496,0.181383284,0.175005127
316993:6733,05/28/18 03:16:09,237,226,0.086068800,0.076776618
316994:6733,05/28/18 04:58:47,20,14,0.006970145,0.004587452
316995:6733,05/28/18 05:06:29,624,624,0.184902710,0.179421233
317051:6736,05/28/18 14:18:43,108,96,0.000000043,0.000000014
317053:6736,05/28/18 15:00:21,28,28,0.000000066,0.000000061
317078:6737,05/28/18 20:18:39,17,5,0.000000284,0.000000061
317080:6737,05/28/18 20:24:59,71,71,0.012362821,0.011532092
317086:6738,05/28/18 22:57:52,1,0,0.000000002,0.000000002
317087:6738,05/28/18 22:57:54,832,821,0.276914617,0.262606689
317088:6738,05/29/18 04:33:00,36,25,0.009647552,0.000007717
317089:6738,05/29/18 04:46:52,1009,1009,0.213883258,0.205613081
317169:6740,05/30/18 06:10:44,2,0,0.000000094,0
317170:6740,05/30/18 06:15:00,23,23,0.008511645,0.008286232
317181:6741,05/30/18 08:53:25,1,0,0.000000048,0
317182:6741,05/30/18 08:57:55,1399,1399,0.413520760,0.396488889
317212:6744,05/31/18 02:28:45,161,152,0.059960994,0.052763192
317213:6744,05/31/18 03:40:05,376,376,0.125645413,0.120980058
317264:6746,05/31/18 14:51:22,1,1,0.000000049,0.000000049
317278:6747,05/31/18 16:50:20,1,0,0.000000017,0
317279:6747,05/31/18 16:54:52,483,483,0.068999667,0.066424461
317291:6749,06/01/18 02:40:43,817,812,0.280602485,0.269417563
317292:6749,06/01/18 08:08:06,391,351,0.098260444,0.081932050
317295:6749,06/01/18 10:39:45,28,19,0.006326458,0.004155161
317296:6749,06/01/18 10:50:40,114,104,0.024291778,0.021481753
317297:6749,06/01/18 11:34:35,767,767,0.134800021,0.125799081
317317:6751,06/01/18 19:20:16,1,0,0.000000050,0
317319:6751,06/01/18 19:25:54,159,156,0.062275709,0.056950712
317320:6751,06/01/18 20:37:54,1832,1832,0.461669118,0.445563469
317335:6752,06/02/18 10:17:44,1,0,0.000000053,0
317338:6752,06/02/18 10:23:15,60,56,0.022202357,0.017620129
317339:6752,06/02/18 11:06:15,185,176,0.074368335,0.067871490
317340:6752,06/02/18 12:17:49,419,419,0.142463361,0.135491851
317381:6755,06/03/18 16:09:49,2,0,0.000014818,0.000014647
317382:6755,06/03/18 16:12:13,99,91,0.037562699,0.028653439
317383:6755,06/03/18 17:05:19,59,59,0.023432403,0.022035987
317390:6757,06/04/18 03:02:36,2,0,0.000000221,0
317391:6757,06/04/18 03:07:16,28,22,0.009796088,0.006378005
317392:6757,06/04/18 03:27:45,1960,1960,0.494959566,0.480455840
317434:6759,06/04/18 22:30:21,238,224,0.088883395,0.080265142
317435:6759,06/05/18 00:15:36,1402,1398,0.361437521,0.347198926
317438:6759,06/05/18 09:20:21,343,343,0.055029646,0.052743672
317461:6760,06/05/18 14:55:43,2,0,0.000000090,0
317463:6760,06/05/18 15:02:47,1,1,0.000000046,0.000000046
317475:6761,06/05/18 18:01:23,97,93,0.036379339,0.032576228
317478:6761,06/05/18 18:47:22,27,23,0.009681748,0.007632094
317479:6761,06/05/18 18:57:47,23,18,0.006224164,0.003955308
317480:6761,06/05/18 19:06:43,23,14,0.008625443,0.004568629
317481:6761,06/05/18 19:15:35,25,20,0.009220588,0.006947064
317482:6761,06/05/18 19:25:16,67,25,0.023916978,0.006049288
317484:6761,06/05/18 19:51:18,554,545,0.167589430,0.159278551
317488:6761,06/05/18 23:26:32,851,851,0.180642535,0.174899454
317509:6762,06/06/18 10:15:52,347,344,0.125515037,0.119256255
317510:6762,06/06/18 12:34:08,19,12,0.006340229,0.003637740
317511:6762,06/06/18 12:41:13,420,412,0.123799774,0.117000490
317512:6762,06/06/18 15:24:08,450,450,0.107364475,0.104356098
317527:6763,06/06/18 22:36:43,1461,1461,0.453052973,0.438629264
317591:6768,06/08/18 06:51:38,308,308,0.116754748,0.112421337
317626:6770,06/08/18 20:30:24,2026,2026,0.530724251,0.513370859
317638:6772,06/09/18 13:32:53,1,0,0,0
317640:6772,06/09/18 13:36:59,822,813,0.267607037,0.254964046
317641:6772,06/09/18 19:02:10,1394,1394,0.265633305,0.257744158
317648:6773,06/10/18 06:10:54,123,114,0.046208327,0.039164005
317649:6773,06/10/18 07:08:13,624,621,0.193285005,0.185577912
317650:6773,06/10/18 11:10:27,1310,1310,0.254359264,0.246268154
317661:6774,06/10/18 21:43:49,1326,1314,0.395676237,0.380618205
317663:6774,06/11/18 06:27:15,864,864,0.151498573,0.147601104
317683:6776,06/11/18 15:46:44,373,373,0.138920388,0.133459474
317694:6778,06/11/18 23:46:02,1,0,0,0
317696:6778,06/11/18 23:46:21,668,668,0.236111690,0.226832303
317743:6781,06/12/18 23:53:07,10,0,0,0
317744:6781,06/12/18 23:56:49,399,399,0.000038156,0.000037729
317750:6791,06/14/18 03:54:51,413,0,0.000000028,0
317856:6795,06/14/18 17:07:12,35,7,0,0
317857:6795,06/14/18 17:20:09,98,98,0.000000001,0.000000001
317859:6797,06/14/18 21:27:15,17,0,0.000000008,0
317861:6797,06/14/18 21:33:34,248,248,0.000063858,0.000063441
317863:6798,06/15/18 00:55:39,12,0,0.000000005,0
317864:6798,06/15/18 01:00:18,489,489,0.000014807,0.000014709
317923:6813,06/17/18 08:33:44,46,0,0.000000004,0
317927:6813,06/17/18 08:51:19,68,68,0.000000005,0.000000005
317943:6815,06/17/18 17:42:43,12,0,0,0
317949:6815,06/17/18 17:47:10,214,211,0.000008654,0.000008528
318346:6821,06/22/18 16:12:02,3,3,0,0
318347:6821,06/22/18 16:43:18,22,14,0,0
318348:6821,06/22/18 17:03:08,22,15,0.000000677,0.000000371
318349:6821,06/22/18 17:11:24,34,25,0.000002741,0.000001891
318350:6821,06/22/18 17:24:19,62,41,0.000004925,0.000003173
318351:6821,06/22/18 17:48:12,86,85,0.000006349,0.000006100
318352:6821,06/22/18 18:21:34,29,22,0.000002023,0.000001458
318353:6821,06/22/18 18:32:42,10,2,0.000000685,0.000000079
318354:6821,06/22/18 18:36:35,38,30,0.000002548,0.000001956
318355:6821,06/22/18 18:51:00,35,27,0.000002268,0.000001700
318356:6821,06/22/18 19:04:31,31,24,0.000001958,0.000001426
318357:6821,06/22/18 19:16:20,37,36,0.000002297,0.000002149
318358:6821,06/22/18 19:30:30,25,23,0.000001512,0.000001349
318359:6821,06/22/18 19:40:00,11,4,0.000000654,0.000000173
318360:6821,06/22/18 19:44:01,120,113,0.000006676,0.000006190
318361:6821,06/22/18 20:30:36,52,35,0.000002713,0.000001775
318362:6821,06/22/18 20:50:33,24,16,0.000001229,0.000000790
318363:6821,06/22/18 20:59:49,106,106,0.000005300,0.000004541
318377:6826,06/23/18 08:20:37,13,1,0,0
318379:6826,06/23/18 08:25:21,17,7,0,0
318380:6826,06/23/18 08:31:50,162,162,0.000000006,0.000000005
318388:6828,06/23/18 11:44:47,8,0,0,0
318389:6828,06/23/18 11:47:51,27,17,0,0
318390:6828,06/23/18 11:58:11,28,16,0,0
318391:6828,06/23/18 12:08:45,41,13,0,0
318394:6828,06/23/18 12:24:38,14,8,0,0
318396:6828,06/23/18 12:30:04,14,8,0,0
318397:6828,06/23/18 12:35:19,23,8,0,0
318398:6828,06/23/18 12:44:14,27,17,0.000000151,0
318401:6828,06/23/18 12:54:29,21,1,0.000000976,0.000000035
318403:6828,06/23/18 13:02:25,94,81,0.000003898,0.000003318
318404:6828,06/23/18 13:38:54,23,14,0.000000846,0.000000495
318405:6828,06/23/18 13:47:40,39,29,0.000001383,0.000001012
318407:6828,06/23/18 14:02:33,61,55,0.000002044,0.000001795
318408:6828,06/23/18 14:26:12,70,61,0.000002256,0.000001924
318411:6828,06/23/18 14:53:09,14,6,0.000000448,0.000000082
318412:6828,06/23/18 14:58:29,24,18,0.000000738,0.000000529
318415:6828,06/23/18 15:07:32,21,12,0.000000630,0.000000339
318417:6828,06/23/18 15:15:29,15,6,0.000000455,0.000000147
318419:6828,06/23/18 15:21:17,76,57,0.000002247,0.000001642
318421:6828,06/23/18 15:50:45,43,43,0.000001194,0.000001176
318436:6829,06/23/18 18:11:18,8,0,0,0
318437:6829,06/23/18 18:14:13,15,5,0,0
318438:6829,06/23/18 18:19:46,246,246,0.000013574,0.000013327
318457:6833,06/24/18 03:59:11,23,0,0,0
318461:6833,06/24/18 04:07:40,14,5,0,0
318462:6833,06/24/18 04:12:48,8,4,0,0
318463:6833,06/24/18 04:15:38,14,3,0.000000672,0
318464:6833,06/24/18 04:20:51,261,261,0.000027689,0.000027178
318525:6837,06/24/18 20:53:39,8,0,0,0
318526:6837,06/24/18 20:56:33,11,6,0,0
318527:6837,06/24/18 21:00:44,9,3,0,0
318528:6837,06/24/18 21:04:12,37,3,0,0
318529:6837,06/24/18 21:18:34,151,146,0.000000002,0.000000002
318530:6837,06/24/18 22:17:10,57,51,0,0
318531:6837,06/24/18 22:39:09,138,133,0.000000105,0.000000097
318532:6837,06/24/18 23:32:39,73,70,0.000000089,0.000000077
318533:6837,06/25/18 00:00:49,101,87,0.000000121,0.000000102
318534:6837,06/25/18 00:40:01,48,39,0.000000057,0.000000045
318535:6837,06/25/18 00:58:21,20,4,0.000000023,0
318536:6837,06/25/18 01:05:52,106,91,0.000000124,0.000000104
318537:6837,06/25/18 01:46:48,22,5,0.000000027,0.000000003
318538:6837,06/25/18 01:55:14,14,3,0.000000017,0
318539:6837,06/25/18 02:00:36,9,4,0.000000011,0
318540:6837,06/25/18 02:04:00,14,11,0.000000017,0.000000012
318541:6837,06/25/18 02:09:24,62,44,0.000000075,0.000000051
318542:6837,06/25/18 02:33:30,15,11,0.000000018,0.000000012
318543:6837,06/25/18 02:39:10,22,15,0.000000026,0.000000017
318544:6837,06/25/18 02:47:38,14,3,0.000000017,0
318545:6837,06/25/18 02:53:01,26,14,0.000000031,0.000000016
318546:6837,06/25/18 03:02:55,163,155,0.000000193,0.000000181
318547:6837,06/25/18 04:06:01,43,37,0.000000050,0.000000042
318548:6837,06/25/18 04:22:45,30,23,0.000000035,0.000000026
318549:6837,06/25/18 04:34:16,23,16,0.000000027,0.000000017
318550:6837,06/25/18 04:43:00,71,68,0.000000082,0.000000077
318551:6837,06/25/18 05:10:24,43,22,0.000000050,0.000000024
318562:6838,06/25/18 08:05:58,2,1,0,0
318563:6838,06/25/18 08:11:49,102,102,0.000004195,0.000004128
318619:6843,06/25/18 18:57:05,1,0,0,0
318622:6843,06/25/18 19:00:16,247,235,0.000089064,0.000082291
318636:6844,06/25/18 23:08:33,1,0,0,0
318639:6844,06/25/18 23:08:40,134,134,0.000000548,0.000000536
318645:6845,06/26/18 01:39:06,1,1,0,0
318651:6847,06/26/18 06:42:10,1,1,0.000000001,0.000000001
318653:6847,06/26/18 06:45:25,43,18,0.001147588,0.000407729
318658:6847,06/26/18 07:07:42,15,7,0.000410199,0.000010934
318659:6847,06/26/18 07:13:10,18,7,0.000485840,0.000007236
318661:6847,06/26/18 07:19:50,97,87,0.002546490,0.001826592
318662:6847,06/26/18 07:57:17,60,53,0.001523046,0.000964605
318663:6847,06/26/18 08:20:32,71,57,0.001758811,0.001106979
318667:6847,06/26/18 08:47:54,21,13,0.000510744,0.000305872
318669:6847,06/26/18 08:55:57,28,21,0.000673823,0.000492875
318670:6847,06/26/18 09:06:37,188,180,0.004365356,0.004114058
318675:6847,06/26/18 10:19:25,242,242,0.003593692,0.003543543
318711:6850,06/26/18 18:49:33,16,0,0.000000058,0
318712:6850,06/26/18 18:55:34,176,159,0.004986310,0.003239169
318714:6850,06/26/18 20:03:55,372,362,0.034397362,0.030613198
318733:6850,06/26/18 22:28:18,43,33,0.003741843,0.002690376
318734:6850,06/26/18 22:44:49,50,50,0.004287358,0.004162250
318737:6851,06/27/18 00:37:55,9,0,0,0
318738:6851,06/27/18 00:41:04,16,16,0,0
318793:6853,06/27/18 15:24:17,4,0,0,0
318796:6853,06/27/18 15:47:25,2,1,0,0
318797:6853,06/27/18 15:52:20,2,1,0,0
318798:6853,06/27/18 16:06:39,104,104,0.000000118,0.000000116
318815:6854,06/27/18 20:32:05,17,7,0.000000144,0.000000050
318816:6854,06/27/18 20:38:21,216,210,0.033909581,0.031495391
318817:6854,06/27/18 22:01:58,239,210,0.029100793,0.024001441
318819:6854,06/27/18 23:34:37,38,34,0.006181363,0.004893836
318820:6854,06/27/18 23:49:13,71,71,0.010457337,0.010196299
318825:6858,06/28/18 05:48:15,24,0,0.000000173,0
318827:6858,06/28/18 05:57:11,33,30,0.000000245,0.000000195
318828:6858,06/28/18 06:09:49,131,131,0.017862652,0.017252525
318869:6860,06/28/18 15:29:26,40,0,0.000000851,0
318872:6860,06/28/18 15:44:42,296,288,0.097718412,0.091180440
318874:6860,06/28/18 17:39:39,324,320,0.100509462,0.094917432
318876:6860,06/28/18 19:45:23,165,161,0.047715561,0.044263060
318877:6860,06/28/18 20:49:22,622,622,0.157533614,0.153062647
318885:6861,06/29/18 03:16:56,1,1,0,0
318886:6861,06/29/18 03:29:55,1,1,0,0
318892:6862,06/29/18 06:47:37,1,1,0,0
318893:6862,06/29/18 06:53:12,2,2,0,0
318897:6863,06/29/18 10:09:57,3,0,0,0
318908:6863,06/29/18 10:56:08,1,0,0,0
318909:6863,06/29/18 10:56:11,15,8,0.000000023,0.000000010
318910:6863,06/29/18 11:17:26,75,65,0.000000135,0.000000112
318911:6863,06/29/18 11:46:17,25,17,0.000000042,0.000000002
318912:6863,06/29/18 11:55:52,33,26,0.000000042,0.000000013
318913:6863,06/29/18 12:08:39,78,71,0.000000018,0.000000017
318935:6864,06/29/18 16:54:54,3,0,0.000000174,0.000000011
318937:6864,06/29/18 16:55:46,10,3,0.000001053,0.000000269
318939:6864,06/29/18 16:59:18,147,140,0.000015706,0.000014719
318944:6864,06/29/18 17:56:18,14,7,0.000001488,0.000000705
318945:6864,06/29/18 18:01:28,219,208,0.000023306,0.000021892
318953:6864,06/29/18 19:26:12,1166,1166,0.000122549,0.000121089
318958:6865,06/30/18 04:48:42,1,0,0,0
318962:6865,06/30/18 05:33:48,70,70,0.000000070,0.000000068
318978:6868,06/30/18 09:42:17,14,4,0.000002214,0
318979:6868,06/30/18 09:48:04,20,10,0.000003476,0.000000002
318980:6868,06/30/18 09:55:44,14,5,0.000001105,0
318981:6868,06/30/18 10:01:05,12,4,0.000001576,0
318982:6868,06/30/18 10:05:41,88,62,0.000016218,0.000011224
318983:6868,06/30/18 10:39:37,116,109,0.000018947,0.000017358
318984:6868,06/30/18 11:24:24,1060,456,0.000139346,0.000032305
318992:6868,06/30/18 18:15:56,376,9,0.000067687,0.000001448
319006:6868,06/30/18 20:41:57,98,91,0.000017442,0.000015838
319010:6868,06/30/18 21:19:48,16,8,0.000002848,0.000001244
319011:6868,06/30/18 21:25:53,36,27,0.000006491,0.000004786
319015:6868,06/30/18 21:39:34,9,2,0.000001605,0.000000239
319016:6868,06/30/18 21:42:57,21,7,0.000003740,0.000001150
319018:6868,06/30/18 21:50:53,437,432,0.000038696,0.000038159
319019:6868,07/01/18 00:40:20,1097,1097,0.000122265,0.000120454
319031:6869,07/01/18 09:46:25,19,6,0,0
319033:6869,07/01/18 09:53:22,9,9,0,0
319066:6871,07/01/18 18:43:24,21,0,0,0
319068:6871,07/01/18 18:51:15,1,1,0,0
319076:6874,07/01/18 23:02:41,14,3,0.000000282,0.000000046
319077:6874,07/01/18 23:07:57,104,104,0.022587461,0.021779407
319096:6877,07/02/18 07:12:14,9,0,0.000000003,0
319097:6877,07/02/18 07:15:25,187,172,0.000005869,0.000004536
319098:6877,07/02/18 08:27:58,4,2,0.000000324,0.000000056
319099:6877,07/02/18 08:29:15,34,14,0.000002720,0.000001043
319100:6877,07/02/18 08:42:06,33,21,0.000002596,0.000001611
319101:6877,07/02/18 08:54:54,60,27,0.000004592,0.000002035
319103:6877,07/02/18 09:17:59,12,2,0.000000584,0.000000101
319104:6877,07/02/18 09:22:28,191,191,0.000012888,0.000012709
319120:6879,07/02/18 13:51:10,35,2,0.000000029,0
319123:6879,07/02/18 14:04:31,24,3,0.000000020,0.000000002
319124:6879,07/02/18 14:13:31,285,277,0.000041821,0.000039542
319125:6879,07/02/18 16:04:13,223,223,0.000043012,0.000042378
319157:6881,07/03/18 04:14:18,19,0,0.000000034,0
319159:6881,07/03/18 04:21:23,623,618,0.000226929,0.000214916
319160:6881,07/03/18 08:23:04,479,479,0.000173351,0.000169542
319172:6882,07/03/18 15:05:26,9,0,0.000000016,0
319173:6882,07/03/18 15:08:41,154,151,0.000012308,0.000010210
319174:6882,07/03/18 16:08:22,86,78,0.000041026,0.000032524
319175:6882,07/03/18 16:41:33,143,140,0.000063440,0.000059022
319176:6882,07/03/18 17:36:47,1816,1803,0.000596076,0.000580058
319177:6882,07/04/18 05:22:15,237,237,0.000060193,0.000059142
319186:6884,07/04/18 09:28:44,17,2,0.000000017,0
319187:6884,07/04/18 09:34:54,53,48,0.000000053,0.000000046
319188:6884,07/04/18 09:55:11,10,5,0.000000010,0.000000004
319189:6884,07/04/18 09:58:49,80,72,0.000005546,0.000004472
319190:6884,07/04/18 10:29:39,323,323,0.000095729,0.000093152
319219:6885,07/04/18 19:18:51,36,3,0.000000071,0.000000004
319222:6885,07/04/18 19:32:42,300,294,0.000114943,0.000109280
319223:6885,07/04/18 21:29:10,132,132,0.000075256,0.000073069
319252:6890,07/05/18 11:25:52,1,0,0,0
319254:6890,07/05/18 11:25:55,174,165,0.000127265,0.000113647
319255:6890,07/05/18 13:11:18,172,165,0.000129994,0.000115871
319256:6890,07/05/18 14:18:04,735,726,0.000522199,0.000484142
319260:6890,07/05/18 19:03:21,140,132,0.000099212,0.000088443
319262:6890,07/05/18 19:57:41,370,363,0.000249351,0.000227839
319263:6890,07/05/18 22:21:13,375,367,0.000248799,0.000228822
319264:6890,07/06/18 00:46:38,122,58,0.000080293,0.000035178
319265:6890,07/06/18 01:33:50,414,396,0.000270723,0.000245703
319266:6890,07/06/18 04:14:36,33,27,0.000021484,0.000015087
319267:6890,07/06/18 04:27:23,229,204,0.000148681,0.000125728
319268:6890,07/06/18 05:56:08,494,467,0.000318406,0.000283627
319270:6890,07/06/18 09:08:03,213,206,0.000136288,0.000123668
319271:6890,07/06/18 10:30:38,15,2,0.000009569,0
319272:6890,07/06/18 10:36:11,26,3,0.000016614,0
319273:6890,07/06/18 10:46:07,17,11,0.000010842,0.000003702
319274:6890,07/06/18 10:52:44,22,22,0.000013993,0.000013181
319292:6891,07/06/18 13:39:07,10,0,0.000000036,0
319295:6891,07/06/18 14:03:57,1,0,0.000000004,0
319297:6891,07/06/18 14:19:40,28,0,0.000024887,0.000000021
319300:6891,07/06/18 14:30:13,1133,1133,0.000855038,0.000811864
319308:6892,07/06/18 23:51:27,1,0,0.000000003,0
319310:6892,07/06/18 23:55:21,19,13,0.000014533,0.000010482
319311:6892,07/07/18 00:46:38,1740,1740,0.001302691,0.001228292
319337:6901,07/08/18 01:47:37,2216,2214,0.231779933,0.226459523
319345:6904,07/08/18 19:29:14,5,0,0.000000070,0.000000005
319347:6904,07/08/18 19:38:12,674,671,0.230454308,0.211446087
319348:6904,07/09/18 00:07:18,42,37,0.012037935,0.004854717
319349:6904,07/09/18 00:23:35,149,149,0.040817239,0.039728036
319445:6909,07/09/18 20:41:12,1,0,0,0
319447:6909,07/09/18 20:41:18,2,1,0.000000016,0.000000016
319449:6909,07/09/18 20:55:27,715,711,0.258506513,0.246820871
319450:6909,07/10/18 01:32:45,701,691,0.211263212,0.201192653
319452:6909,07/10/18 06:04:49,14,6,0.003783490,0.000000305
319453:6909,07/10/18 06:10:03,14,3,0.003766223,0.000000404
319456:6909,07/10/18 06:15:28,353,346,0.089855030,0.085039617
319459:6909,07/10/18 08:32:35,89,78,0.017075053,0.016604106
319460:6909,07/10/18 09:06:59,69,62,0.000576383,0.000499962
319462:6909,07/10/18 09:33:44,24,18,0.000199900,0.000137446
319463:6909,07/10/18 09:42:50,19,13,0.000159331,0.000102740
319464:6909,07/10/18 09:50:13,121,114,0.001021320,0.000933965
319466:6909,07/10/18 10:37:07,41,35,0.000344284,0.000282281
319467:6909,07/10/18 10:52:43,248,242,0.002077664,0.001974588
319468:6909,07/10/18 12:29:01,1817,1807,0.015270855,0.014640428
319469:6909,07/11/18 00:14:49,30,3,0.000249129,0.000000010
319470:6909,07/11/18 00:26:12,14,9,0.000115340,0.000000638
319471:6909,07/11/18 00:31:35,159,149,0.001331972,0.001204455
319472:6909,07/11/18 01:33:03,231,231,0.001924225,0.001863663
319486:6911,07/11/18 09:06:35,84,76,0.023609029,0.022759981
319488:6911,07/11/18 09:38:50,1213,1091,0.046088361,0.008352393
319503:6911,07/11/18 17:30:46,318,318,0.092417419,0.088690693
319523:6912,07/11/18 22:10:54,2,0,0.000000091,0.000000075
319524:6912,07/11/18 22:13:55,1489,1439,0.474721312,0.447007472
319525:6912,07/12/18 08:01:42,33,24,0.008438380,0.005815272
319526:6912,07/12/18 08:14:19,293,283,0.072057656,0.067425069
319527:6912,07/12/18 10:08:02,8,3,0.001892996,0.000208522
319528:6912,07/12/18 10:11:01,261,261,0.059212547,0.057857947
319557:6913,07/12/18 18:28:59,25,0,0.000028025,0
319559:6913,07/12/18 18:38:29,56,56,0.000054890,0.000053086
319578:6919,07/13/18 04:24:50,8,0,0.000000127,0
319579:6919,07/13/18 04:27:45,3173,3173,0.796889508,0.773753777
319625:6921,07/14/18 13:59:41,204,204,0.074170991,0.071711166
319639:6923,07/14/18 18:40:37,1492,1492,0.408801638,0.395095753
319656:6924,07/15/18 07:05:07,293,283,0.100002425,0.091749048
319657:6924,07/15/18 09:09:07,173,167,0.053194311,0.049620924
319658:6924,07/15/18 10:16:05,243,225,0.066614669,0.059877772
319659:6924,07/15/18 11:50:27,88,88,0.021737515,0.020961610
319675:6925,07/15/18 15:01:57,1,0,0.000000014,0
319678:6925,07/15/18 15:06:42,273,273,0.098961288,0.095344576
319687:6927,07/15/18 22:20:51,59,59,0.020684410,0.019910829
319697:6929,07/16/18 02:12:26,466,458,0.065324423,0.061859882
319698:6929,07/16/18 05:13:10,318,318,0.036687246,0.035740840
319755:6931,07/16/18 15:19:24,2,0,0.000000014,0
319756:6931,07/16/18 15:22:24,1947,1947,0.491144855,0.474659315
319838:6939,07/17/18 22:10:27,1,0,0,0
319840:6939,07/17/18 22:12:23,366,362,0.052467231,0.050341351
319841:6939,07/18/18 00:44:34,175,175,0.021300206,0.020615990
319844:6940,07/18/18 03:41:18,1,0,0.000000014,0
319847:6940,07/18/18 03:43:54,27,24,0.009901742,0.007808349
319848:6940,07/18/18 04:04:46,60,53,0.021964777,0.018293219
319849:6940,07/18/18 04:28:03,511,493,0.178437816,0.166302644
319851:6940,07/18/18 07:46:30,21,13,0.006251438,0.001079057
319852:6940,07/18/18 07:54:25,19,13,0.005590358,0.000059500
319853:6940,07/18/18 08:01:32,266,262,0.072860097,0.069834958
319854:6940,07/18/18 09:44:35,234,234,0.054643126,0.052974075
319904:6942,07/19/18 02:20:16,2,1,0.000000015,0
319907:6942,07/19/18 02:35:07,14,4,0.004869699,0.001165221
319908:6942,07/19/18 02:40:13,60,53,0.022307486,0.018293807
319909:6942,07/19/18 03:03:14,16,7,0.006250256,0.001087523
319910:6942,07/19/18 03:09:21,991,983,0.303957604,0.291924794
319912:6942,07/19/18 09:34:18,65,59,0.014901741,0.012855413
319913:6942,07/19/18 09:59:25,61,56,0.013537503,0.011999321
319914:6942,07/19/18 10:22:49,38,32,0.008220508,0.006576487
319915:6942,07/19/18 10:37:24,417,417,0.085197746,0.083174533
319941:6944,07/19/18 19:43:19,273,267,0.100534386,0.093626168
319942:6944,07/19/18 21:41:31,51,51,0.017501084,0.017033586
319950:6946,07/20/18 02:42:23,178,178,0.068402822,0.066416134
319991:6953,07/20/18 15:31:26,854,849,0.285842072,0.274183600
319992:6953,07/20/18 21:15:40,272,264,0.067117475,0.062667561
319993:6953,07/20/18 23:01:06,963,963,0.180498712,0.175453762
320001:6956,07/21/18 07:54:35,1,0,0.000000014,0
320002:6956,07/21/18 07:57:46,176,165,0.063501821,0.053911715
320003:6956,07/21/18 09:19:40,13,6,0.004937394,0.000000137
320004:6956,07/21/18 09:24:25,46,3,0.017197403,0
320005:6956,07/21/18 09:42:18,11,2,0.004043763,0.000003839
320006:6956,07/21/18 09:46:33,344,341,0.114036647,0.109549147
320007:6956,07/21/18 12:00:09,161,157,0.046222155,0.043193931
320008:6956,07/21/18 13:02:27,92,85,0.024561653,0.021598203
320009:6956,07/21/18 13:38:11,128,122,0.032234015,0.029400582
320010:6956,07/21/18 14:27:42,336,331,0.074457079,0.071341975
320011:6956,07/21/18 16:38:02,310,302,0.061784202,0.058383576
320012:6956,07/21/18 18:38:20,101,101,0.018045672,0.017440856
320023:6957,07/21/18 21:29:11,290,286,0.104421596,0.097877938
320024:6957,07/21/18 23:21:36,417,410,0.126564912,0.120882653
320025:6957,07/22/18 02:03:22,120,113,0.031605552,0.028769229
320026:6957,07/22/18 02:49:56,205,205,0.049421896,0.048008056
320038:6960,07/22/18 07:04:18,643,634,0.225113265,0.213825150
320039:6960,07/22/18 11:13:46,40,30,0.011615020,0.007856132
320040:6960,07/22/18 11:29:07,738,738,0.175391885,0.169720397
320058:6961,07/22/18 18:28:27,39,33,0.013185738,0.009694166
320059:6961,07/22/18 18:43:23,113,105,0.044886099,0.039241337
320060:6961,07/22/18 19:27:06,50,42,0.018720767,0.015071403
320061:6961,07/22/18 19:46:28,53,49,0.019757531,0.017519838
320062:6961,07/22/18 20:06:51,28,21,0.010198677,0.006671539
320063:6961,07/22/18 20:17:41,79,64,0.027809423,0.021200481
320064:6961,07/22/18 20:48:07,210,201,0.068513979,0.062043838
320065:6961,07/22/18 22:09:31,927,927,0.225875785,0.218131794
320076:6962,07/23/18 06:42:42,10,2,0,0
320077:6962,07/23/18 06:46:07,145,32,0.000004544,0
320090:6963,07/23/18 11:25:22,101,78,0.000013432,0.000010204
320094:6963,07/23/18 12:04:37,54,26,0.000000891,0
320116:6964,07/23/18 14:33:27,8,0,0,0
320122:6964,07/23/18 14:36:13,115,105,0.000004702,0.000004023
320127:6964,07/23/18 15:20:33,177,175,0.000014109,0.000013664
320128:6964,07/23/18 16:49:32,6,0,0.000000370,0
320129:6964,07/23/18 16:51:36,284,88,0.000025036,0.000006822
320142:6967,07/24/18 03:36:54,13,0,0.000024726,0
320143:6967,07/24/18 03:41:47,17,4,0.000034349,0.000003761
320144:6967,07/24/18 03:48:08,14,4,0.000028627,0.000003903
320185:6972,07/24/18 17:49:16,1,0,0,0
320186:6972,07/24/18 17:55:47,146,44,0.000040314,0.000010356
320189:6972,07/24/18 18:52:02,85,74,0.000022983,0.000019608
320190:6972,07/24/18 19:25:05,110,107,0.000027676,0.000026472
320191:6972,07/24/18 20:07:41,144,127,0.000033273,0.000029357
320192:6972,07/24/18 21:03:20,320,317,0.000052097,0.000051757
320317:6978,07/25/18 23:31:42,1,0,0,0
320321:6978,07/25/18 23:31:46,150,150,0.000008943,0.000008806
320326:6979,07/26/18 03:44:55,1,0,0,0
320328:6979,07/26/18 03:45:00,88,88,0.000006674,0.000006575
320384:6984,07/26/18 19:18:37,325,0,0.014045461,0
320385:6984,07/26/18 21:24:43,272,0,0.009929921,0
320386:6984,07/26/18 23:10:20,211,0,0.006775271,0
320413:6993,07/27/18 15:34:00,5,5,0.000000001,0.000000001
320416:6993,07/27/18 17:23:01,4,4,0.000000006,0.000000006
320433:6995,07/28/18 01:02:49,1,0,0,0
320434:6995,07/28/18 01:40:19,418,418,0.003881802,0.003839878
320500:6998,07/30/18 08:00:32,387,387,0.000037988,0.000034847
320569:7003,07/31/18 02:00:49,286,281,0.000067950,0.000065658
320570:7003,07/31/18 04:00:30,419,416,0.000088739,0.000083946
320571:7003,07/31/18 06:43:15,69,69,0.000013294,0.000012958
320673:7005,08/01/18 02:19:50,891,887,0.065499703,0.063882165
320674:7005,08/01/18 08:11:46,624,624,0.034554053,0.033948650
320686:7006,08/01/18 15:03:53,1,0,0,0
320688:7006,08/01/18 15:05:27,613,613,0.158111319,0.152841791
320712:7008,08/02/18 02:30:20,218,218,0.073336320,0.070803490
320755:7013,08/02/18 14:16:43,1,0,0,0
320757:7013,08/02/18 14:18:34,345,345,0.120261659,0.115942678
320804:7017,08/03/18 07:10:26,1258,1249,0.324132989,0.310844260
320807:7017,08/03/18 15:28:47,11,7,0.001978064,0.000321847
320808:7017,08/03/18 15:33:03,27,18,0.004791606,0.000014907
320809:7017,08/03/18 15:43:13,746,746,0.107621384,0.104809624
320818:7018,08/03/18 23:35:39,1,0,0.000000037,0
320821:7018,08/03/18 23:42:01,196,192,0.064935841,0.061101269
320822:7018,08/04/18 01:09:17,529,523,0.149415754,0.142985422
320823:7018,08/04/18 04:34:31,364,360,0.079862730,0.076341415
320824:7018,08/04/18 06:55:49,1063,1063,0.162006761,0.157748859
320836:7020,08/04/18 16:51:18,2,0,0.000000095,0
320838:7020,08/04/18 16:55:32,332,324,0.118635768,0.110819261
320839:7020,08/04/18 19:17:15,8,3,0.002742044,0.000020126
320840:7020,08/04/18 19:20:16,479,472,0.142226988,0.134610851
320841:7020,08/04/18 22:26:04,206,206,0.050123294,0.048354554
320851:7024,08/05/18 06:26:26,1,0,0.000000046,0
320853:7024,08/05/18 06:32:52,352,344,0.124599096,0.117560692
320854:7024,08/05/18 08:59:07,133,125,0.041971736,0.037853758
320855:7024,08/05/18 09:50:43,581,566,0.148501202,0.139939093
320856:7024,08/05/18 13:36:29,164,159,0.034047956,0.031977648
320857:7024,08/05/18 14:39:58,277,272,0.053116552,0.050440605
320858:7024,08/05/18 16:27:34,239,231,0.038569793,0.035817301
320859:7024,08/05/18 18:00:17,43,43,0.005340920,0.004998319
320884:7026,08/05/18 22:16:03,1,0,0.000000046,0
320887:7026,08/05/18 22:34:17,289,286,0.109143940,0.104054404
320888:7026,08/06/18 00:26:11,128,128,0.042885336,0.040998856
320914:7031,08/06/18 09:08:36,10,0,0.003652729,0
320916:7031,08/06/18 09:12:15,34,25,0.010740933,0.006407567
320917:7031,08/06/18 09:25:18,1933,1926,0.471571944,0.456336139
320920:7031,08/06/18 21:56:15,184,184,0.024313217,0.023567665
320933:7033,08/07/18 03:25:07,190,184,0.057415891,0.053099458
320934:7033,08/07/18 04:38:32,831,826,0.208551314,0.200870548
320936:7033,08/07/18 10:01:23,408,400,0.079324236,0.074725832
320941:7033,08/07/18 12:39:42,100,100,0.016486413,0.015815745
320971:7035,08/07/18 15:31:25,1,0,0.000000053,0
320980:7035,08/07/18 15:35:59,114,114,0.043562937,0.042087829
320993:7036,08/07/18 19:07:57,1,0,0.000000016,0
320994:7036,08/07/18 19:16:07,1,0,0.000000017,0
320995:7036,08/07/18 19:24:37,202,195,0.030141882,0.026764287
320996:7036,08/07/18 20:42:31,386,386,0.049649718,0.047344639
321002:7037,08/08/18 01:27:32,1,1,0.000000041,0
321004:7037,08/08/18 01:32:59,171,162,0.055810007,0.049540708
321005:7037,08/08/18 02:48:15,69,62,0.023136521,0.018326672
321006:7037,08/08/18 03:15:06,167,163,0.053166340,0.049413162
321007:7037,08/08/18 04:19:57,833,829,0.200800989,0.193461792
321009:7037,08/08/18 09:43:26,85,79,0.015881454,0.014041921
321010:7037,08/08/18 10:16:22,352,342,0.058490359,0.054622181
321011:7037,08/08/18 12:32:48,221,211,0.031397944,0.027616495
321012:7037,08/08/18 13:58:31,201,201,0.024235038,0.023287539
321050:7039,08/09/18 02:53:28,1,0,0,0
321051:7039,08/09/18 02:55:49,1141,1127,0.340948093,0.321800813
321055:7039,08/09/18 10:35:37,764,764,0.137382727,0.133873848
321066:7040,08/09/18 18:03:35,1,0,0.000000049,0
321067:7040,08/09/18 18:17:33,616,610,0.190075996,0.181117261
321068:7040,08/09/18 22:16:40,715,707,0.156027319,0.150153213
321069:7040,08/10/18 02:54:15,314,314,0.052585445,0.050809056
321119:7042,08/10/18 15:08:16,191,181,0.071904636,0.063621033
321121:7042,08/10/18 16:22:07,52,46,0.019519854,0.016137546
321122:7042,08/10/18 16:42:12,396,391,0.130727147,0.122549936
321123:7042,08/10/18 19:15:58,12,4,0.003527900,0.000007704
321124:7042,08/10/18 19:20:27,884,818,0.209458310,0.189133773
321126:7042,08/11/18 01:03:46,498,498,0.084097889,0.081368511
321132:7043,08/11/18 08:22:45,2,0,0.000000066,0
321134:7043,08/11/18 08:27:31,151,110,0.038145363,0.011663975
321138:7043,08/11/18 09:32:56,752,735,0.156381486,0.145742181
321140:7043,08/11/18 14:25:01,799,799,0.123348130,0.120524063
321147:7045,08/11/18 22:05:48,1,0,0.000000047,0
321149:7045,08/11/18 22:12:47,1721,1721,0.461813641,0.448225549
321160:7047,08/12/18 14:15:36,2,0,0.000000104,0
321162:7047,08/12/18 14:26:37,53,43,0.019888367,0.014179507
321164:7047,08/12/18 14:50:40,74,66,0.031666013,0.026711022
321165:7047,08/12/18 15:19:23,60,2,0.024832343,0.000384318
321166:7047,08/12/18 15:42:33,22,12,0.008905411,0.003431178
321167:7047,08/12/18 15:51:01,924,924,0.289658519,0.280825244
321175:7048,08/13/18 03:25:56,1,0,0,0
321177:7048,08/13/18 03:26:02,515,488,0.192869634,0.178507561
321178:7048,08/13/18 06:55:49,79,79,0.025645921,0.024856917
321217:7052,08/13/18 11:50:34,1,0,0.000000058,0
321218:7052,08/13/18 12:09:05,932,927,0.307901036,0.292222315
321219:7052,08/13/18 18:10:45,934,930,0.190802083,0.185067093
321221:7052,08/14/18 00:13:22,41,41,0.006281164,0.006143938
321229:7053,08/14/18 03:14:54,1,0,0.000000053,0
321230:7053,08/14/18 03:18:13,99,88,0.039819502,0.025132392
321231:7053,08/14/18 04:09:25,69,59,0.029207862,0.014748831
321232:7053,08/14/18 04:36:11,31,24,0.012723901,0.006223434
321233:7053,08/14/18 04:47:56,728,728,0.243317852,0.236102683
321258:7054,08/14/18 12:17:15,2,0,0.000000020,0.000000002
321260:7054,08/14/18 12:20:39,1,1,0.000000065,0.000000064
321261:7054,08/14/18 12:24:43,39,31,0.013529505,0.010221595
321262:7054,08/14/18 12:50:08,5,5,0.002201401,0.002100671
321279:7055,08/14/18 14:44:39,1,0,0.000000017,0
321283:7055,08/14/18 14:47:43,399,324,0.160522547,0.126343738
321294:7055,08/14/18 17:35:53,67,62,0.024204120,0.020944746
321295:7055,08/14/18 18:01:35,758,749,0.218459206,0.209065402
321296:7055,08/14/18 22:55:45,68,68,0.015327290,0.014737429
321305:7056,08/15/18 01:55:00,2710,2647,0.644305989,0.615771960
321309:7056,08/15/18 19:32:16,16,6,0.001670125,0.000002980
321310:7056,08/15/18 19:38:22,181,172,0.018110700,0.016882728
321311:7056,08/15/18 20:48:30,18,11,0.001694361,0.000493174
321312:7056,08/15/18 20:55:17,773,761,0.063869354,0.061742993
321313:7056,08/16/18 01:55:17,418,418,0.028246178,0.027805209
321390:7058,08/17/18 04:42:51,86,0,0.030929631,0.000029425
321393:7058,08/17/18 05:32:38,148,144,0.056508604,0.052712692
321396:7058,08/17/18 06:29:54,1484,1469,0.387466597,0.371481784
321397:7058,08/17/18 16:06:24,371,371,0.055610307,0.054046168
321414:7061,08/17/18 21:02:32,1267,1256,0.409110892,0.391671097
321415:7061,08/18/18 05:21:20,935,935,0.167284764,0.162275943
321429:7063,08/18/18 13:33:46,1,0,0.000000050,0
321431:7063,08/18/18 13:40:33,174,165,0.067723778,0.060705649
321432:7063,08/18/18 14:54:30,54,47,0.021155301,0.017024613
321433:7063,08/18/18 15:15:09,134,125,0.049495936,0.043421841
321434:7063,08/18/18 16:07:00,654,642,0.193767326,0.183960245
321436:7063,08/18/18 20:20:53,711,711,0.144985812,0.141274493
321457:7065,08/19/18 07:21:53,1865,1856,0.516001623,0.494853982
321461:7065,08/19/18 19:38:11,154,154,0.022760053,0.022062003
321475:7069,08/20/18 01:14:40,2062,2062,0.507119448,0.489595412
321709:7078,08/23/18 13:02:30,16,10,0.005174306,0.003098598
321710:7078,08/23/18 13:20:10,57,52,0.020172127,0.017456361
321712:7078,08/23/18 13:42:16,264,264,0.095431358,0.091687062
321726:7080,08/23/18 20:52:36,1,0,0.000000017,0
321728:7080,08/23/18 20:56:56,1,1,0.000000042,0
321729:7080,08/23/18 21:04:55,11,5,0.003934526,0.001185751
321730:7080,08/23/18 21:10:32,299,288,0.118776754,0.104709933
321731:7080,08/23/18 23:06:22,13,4,0.004828828,0.000000823
321732:7080,08/23/18 23:11:05,1448,1443,0.375688344,0.360769045
321735:7080,08/24/18 08:33:28,147,147,0.024992104,0.024291140
321754:7083,08/24/18 13:32:09,1,0,0.000000042,0
321755:7083,08/24/18 13:36:25,712,701,0.232802740,0.221444739
321758:7083,08/24/18 18:21:07,195,184,0.049993119,0.045973562
321759:7083,08/24/18 19:36:44,21,10,0.005006586,0.002137784
321760:7083,08/24/18 19:44:52,856,856,0.161974635,0.157239586
321772:7087,08/25/18 11:50:13,4,0,0.001095555,0.000184881
321773:7087,08/25/18 12:08:07,92,85,0.036170061,0.031262336
321774:7087,08/25/18 12:43:49,135,131,0.053577909,0.049459032
321775:7087,08/25/18 13:36:11,56,48,0.021405208,0.017222530
321776:7087,08/25/18 13:57:38,45,42,0.016708111,0.014747351
321777:7087,08/25/18 14:14:59,283,279,0.095707114,0.087764647
321778:7087,08/25/18 16:04:45,155,143,0.046121969,0.038718660
321780:7087,08/25/18 17:04:58,544,541,0.132518333,0.128051186
321781:7087,08/25/18 20:36:14,687,687,0.119843560,0.115230130
321794:7088,08/26/18 03:14:56,198,193,0.078020503,0.069519772
321795:7088,08/26/18 04:39:29,11,2,0.004368172,0.000009553
321796:7088,08/26/18 04:43:42,2,2,0.000760380,0.000528670
321803:7090,08/26/18 08:53:29,33,0,0.000001355,0
321813:7090,08/26/18 09:08:13,439,425,0.167610087,0.149133223
321815:7090,08/26/18 12:01:18,44,24,0.015004427,0.005198236
321816:7090,08/26/18 12:18:15,5,1,0.001680865,0.000000055
321817:7090,08/26/18 12:20:00,541,536,0.157242503,0.150841779
321818:7090,08/26/18 15:50:07,700,690,0.147249438,0.140524713
321819:7090,08/26/18 20:21:45,12,3,0.002087630,0.000012660
321820:7090,08/26/18 20:26:16,220,220,0.034434895,0.033350053
321827:7091,08/26/18 23:55:01,1,0,0.000000042,0
321831:7091,08/27/18 00:06:09,773,763,0.269664502,0.255258227
321832:7091,08/27/18 05:06:22,517,507,0.127335018,0.118434224
321833:7091,08/27/18 08:27:01,408,398,0.080056559,0.075563883
321834:7091,08/27/18 11:05:29,340,340,0.053587624,0.051549316
321877:7092,08/27/18 17:36:41,1,0,0.000000038,0
321879:7092,08/27/18 17:42:58,336,325,0.123159499,0.112346741
321880:7092,08/27/18 20:01:46,133,133,0.044290976,0.042605119
321886:7095,08/28/18 00:39:20,2,0,0.000000074,0
321887:7095,08/28/18 00:43:33,915,915,0.297676023,0.286186025
321906:7097,08/28/18 13:18:15,3,0,0.000000113,0
321908:7097,08/28/18 13:23:53,457,441,0.168269988,0.152066897
321909:7097,08/28/18 16:31:34,1660,1660,0.358267866,0.346853219
321913:7098,08/29/18 05:19:40,10,0,0.003904241,0.000039188
321917:7098,08/29/18 05:23:15,813,808,0.280891002,0.268565662
321919:7098,08/29/18 10:38:54,7,7,0.001935192,0.001777542
321931:7099,08/29/18 13:49:36,4,0,0.000000173,0
321933:7099,08/29/18 13:52:59,300,300,0.111816865,0.107339508
321958:7101,08/29/18 21:09:35,2,1,0.000000082,0.000000040
321959:7101,08/29/18 21:15:01,1,1,0.000000041,0.000000001
321960:7101,08/29/18 21:20:14,57,39,0.020941126,0.012084690
321961:7101,08/29/18 21:43:01,355,355,0.140383988,0.134145487
321971:7105,08/30/18 09:24:37,1,0,0.000000040,0
321973:7105,08/30/18 09:30:35,1229,1224,0.384992559,0.368202504
321975:7105,08/30/18 17:37:20,873,873,0.154439785,0.149073111
321987:7108,08/31/18 03:35:15,1,0,0.000000041,0
321988:7108,08/31/18 03:39:25,1457,1453,0.437974789,0.419713654
321990:7108,08/31/18 13:16:38,477,477,0.085754981,0.083153306
322012:7109,08/31/18 18:28:42,1,1,0.000000044,0.000000042
322013:7109,08/31/18 18:40:47,30,20,0.009706248,0.004839000
322014:7109,08/31/18 18:52:10,18,18,0.007576126,0.007142129
322020:7110,08/31/18 20:42:30,1,0,0.000000041,0
322022:7110,08/31/18 20:47:01,1782,1782,0.487441864,0.469237558
322040:7112,09/01/18 11:04:17,53,53,0.020081215,0.018815753
322056:7114,09/01/18 20:09:50,2,0,0.000000015,0
322057:7114,09/01/18 20:14:11,33,33,0.013475597,0.012401153
322067:7117,09/02/18 02:18:36,1,0,0.000000035,0
322068:7117,09/02/18 02:36:10,688,688,0.251932023,0.240332292
322079:7118,09/02/18 11:09:42,447,432,0.181587034,0.157845385
322088:7118,09/02/18 14:13:03,603,603,0.183634064,0.176923928
322106:7120,09/02/18 21:22:32,842,842,0.301349083,0.289636858
322110:7122,09/03/18 06:15:10,3,0,0.000000124,0
322113:7122,09/03/18 06:19:02,127,123,0.050154855,0.045518766
322118:7122,09/03/18 07:20:37,875,875,0.286689350,0.275685105
322178:7123,09/03/18 16:20:41,1,1,0.000000043,0
322179:7123,09/03/18 16:23:34,1758,1758,0.499752272,0.479667469
322201:7124,09/04/18 05:40:53,241,233,0.098523782,0.088441841
322204:7124,09/04/18 07:24:58,1156,1143,0.335057169,0.317516134
322222:7124,09/04/18 14:53:46,532,532,0.098810019,0.094911369
322252:7125,09/04/18 20:13:29,1558,1558,0.448771897,0.429487154
322317:7127,09/05/18 11:43:30,78,71,0.029140958,0.024099565
322319:7127,09/05/18 12:25:29,165,161,0.066065917,0.056177679
322322:7127,09/05/18 13:29:28,1212,1203,0.342403800,0.328109039
322323:7127,09/05/18 21:20:16,20,6,0.003991852,0.000009308
322324:7127,09/05/18 21:27:54,425,425,0.073886450,0.071448532
322331:7128,09/06/18 01:53:11,3,0,0.000000131,0
322332:7128,09/06/18 02:08:26,1030,1030,0.334329089,0.320780347
322347:7131,09/06/18 13:24:27,1,0,0.000000045,0
322348:7131,09/06/18 13:28:34,1487,1487,0.442594309,0.425556805
322354:7132,09/07/18 00:46:58,3,0,0.000000145,0
322355:7132,09/07/18 01:01:57,112,109,0.040721398,0.036851766
322356:7132,09/07/18 01:45:20,780,780,0.245539474,0.237437779
322381:7133,09/07/18 10:53:31,548,548,0.192941730,0.184616579
322406:7135,09/07/18 17:25:42,1,0,0.000000045,0
322407:7135,09/07/18 17:29:56,560,560,0.187782084,0.177737573
322429:7137,09/08/18 00:57:33,1,0,0.000000042,0
322430:7137,09/08/18 01:01:51,775,759,0.258634341,0.244065820
322431:7137,09/08/18 06:12:25,1263,1263,0.254191651,0.245234566
322480:7139,09/08/18 17:10:21,374,354,0.129401477,0.113722439
322483:7139,09/08/18 19:53:08,11,3,0.003561666,0.000000188
322484:7139,09/08/18 19:57:11,34,26,0.010875793,0
322485:7139,09/08/18 20:10:12,26,11,0.008182739,0.000001068
322487:7139,09/08/18 20:20:18,92,43,0.028074964,0
322492:7139,09/08/18 20:56:03,1408,1408,0.305168471,0.294315273
322510:7142,09/09/18 08:18:42,20,20,0.005710276,0.005226248
322599:7144,09/09/18 15:42:31,274,265,0.109577089,0.099506041
322602:7144,09/09/18 17:40:02,73,69,0.027540334,0.024341953
322603:7144,09/09/18 18:08:10,14,10,0.005147986,0.002760843
322605:7144,09/09/18 18:13:24,381,281,0.125026008,0.090613649
322616:7144,09/09/18 20:41:15,81,65,0.023351008,0.018078727
322617:7144,09/09/18 21:12:33,602,602,0.143804008,0.138687076
322625:7145,09/10/18 03:16:42,1146,1142,0.359769424,0.345331101
322633:7145,09/10/18 10:51:35,254,254,0.054334993,0.052231296
322712:7151,09/12/18 06:52:20,1,0,0,0
322713:7151,09/12/18 06:57:00,164,148,0.000003263,0.000002825
322714:7151,09/12/18 08:03:12,58,47,0.000001351,0.000001067
322715:7151,09/12/18 08:25:42,14,3,0.000000258,0.000000041
322716:7151,09/12/18 08:30:58,36,36,0.000000293,0.000000289
322747:7153,09/12/18 15:41:12,56,4,0.000000006,0
322750:7153,09/12/18 16:02:34,85,17,0.000000009,0.000000002
322752:7153,09/12/18 16:35:21,133,122,0.000000014,0.000000013
322753:7153,09/12/18 17:26:54,103,103,0.000000011,0.000000010
322762:7168,09/13/18 23:12:30,1615,0,0.000232459,0
322821:7182,09/15/18 16:32:00,47,47,0.000000851,0.000000821
323318:7206,09/22/18 18:54:52,115,115,0.000007619,0.000007497
323325:7207,09/22/18 23:13:48,9,0,0,0
323326:7207,09/22/18 23:17:07,17,12,0,0
323327:7207,09/22/18 23:23:31,53,43,0,0
323328:7207,09/22/18 23:43:48,347,347,0.000012926,0.000012723
323335:7208,09/23/18 03:41:30,13,3,0,0
323336:7208,09/23/18 03:45:59,167,167,0.000015560,0.000015315
323342:7209,09/23/18 06:43:04,32,2,0,0
323344:7209,09/23/18 06:54:59,25,16,0.000000940,0
323345:7209,09/23/18 07:04:37,104,88,0.000012046,0.000010089
323347:7209,09/23/18 07:44:52,63,56,0.000007646,0.000006552
323348:7209,09/23/18 08:09:00,38,32,0.000001270,0.000001195
323359:7211,09/23/18 10:48:32,18,3,0.000000004,0
323360:7211,09/23/18 10:55:16,68,57,0.000235456,0.000073801
323361:7211,09/23/18 11:21:31,34,15,0.000308796,0.000048878
323362:7211,09/23/18 11:34:38,29,4,0.000257430,0.000006757
323363:7211,09/23/18 11:45:51,23,19,0.000173836,0.000083629
323364:7211,09/23/18 11:54:43,37,13,0.000290586,0.000048452
323365:7211,09/23/18 12:08:49,47,41,0.000395921,0.000300775
323367:7211,09/23/18 12:27:00,48,37,0.000393362,0.000273330
323368:7211,09/23/18 12:45:27,19,9,0.000152409,0.000063664
323369:7211,09/23/18 12:52:42,22,7,0.000174468,0.000000004
323370:7211,09/23/18 13:00:57,58,52,0.000449143,0.000353085
323371:7211,09/23/18 13:23:10,15,5,0.000113597,0.000017176
323373:7211,09/23/18 13:28:38,22,12,0.000165027,0.000076298
323374:7211,09/23/18 13:36:56,144,138,0.001054765,0.000900777
323375:7211,09/23/18 14:32:51,35,26,0.000218685,0.000153820
323376:7211,09/23/18 14:46:24,37,16,0.000261599,0.000092995
323377:7211,09/23/18 15:00:38,19,11,0.000136372,0.000043481
323378:7211,09/23/18 15:08:02,86,75,0.000603379,0.000461884
323379:7211,09/23/18 15:41:18,26,26,0.000176825,0.000160084
323387:7212,09/23/18 18:03:14,19,3,0.000000050,0.000000005
323388:7212,09/23/18 18:10:11,94,71,0.006129397,0.003263811
323391:7212,09/23/18 18:46:23,282,244,0.025429393,0.020120251
323393:7212,09/23/18 20:35:54,11,4,0.000916540,0.000152754
323394:7212,09/23/18 20:39:49,28,13,0.002329276,0.000780111
323395:7212,09/23/18 20:50:30,122,103,0.010030354,0.006989757
323396:7212,09/23/18 21:37:52,12,2,0.000966840,0.000034156
323397:7212,09/23/18 21:42:13,52,43,0.004164219,0.002791368
323398:7212,09/23/18 22:02:13,105,93,0.008291905,0.005842520
323399:7212,09/23/18 22:42:47,179,179,0.013171449,0.012849495
323410:7213,09/24/18 01:27:57,2,0,0.000000038,0
323411:7213,09/24/18 01:28:15,22,10,0.000000403,0.000000153
323413:7213,09/24/18 01:36:47,38,31,0.003943177,0.000092951
323414:7213,09/24/18 01:51:16,51,40,0.009716174,0.006606247
323415:7213,09/24/18 02:11:05,22,11,0.004793376,0.002041501
323416:7213,09/24/18 02:19:27,95,74,0.019869181,0.014198216
323417:7213,09/24/18 02:56:01,50,39,0.010102654,0.005998233
323418:7213,09/24/18 03:15:07,68,58,0.013382175,0.009058483
323419:7213,09/24/18 03:41:32,93,82,0.017690275,0.010316733
323420:7213,09/24/18 04:17:40,39,33,0.007218762,0.002828214
323421:7213,09/24/18 04:32:28,40,36,0.007282459,0.002753967
323422:7213,09/24/18 04:47:40,37,1,0.006633693,0.000073736
323423:7213,09/24/18 05:01:48,226,143,0.037573168,0.022384854
323470:7217,09/24/18 13:40:24,253,248,0.097579661,0.090860824
323471:7217,09/24/18 15:18:19,238,232,0.083020936,0.076014614
323472:7217,09/24/18 16:50:41,129,112,0.040531548,0.019450429
323473:7217,09/24/18 17:40:43,314,228,0.087117712,0.055093591
323474:7217,09/24/18 19:42:21,357,352,0.082271695,0.078720958
323475:7217,09/24/18 22:00:43,83,83,0.016240516,0.015380468
323487:7218,09/25/18 03:12:28,481,470,0.172578857,0.161596087
323488:7218,09/25/18 06:30:08,806,788,0.209095111,0.197779647
323491:7218,09/25/18 11:43:19,7,3,0.001546908,0.000039654
323492:7218,09/25/18 11:45:44,34,30,0.007401151,0.005950413
323493:7218,09/25/18 11:58:38,144,140,0.029383254,0.027662899
323495:7218,09/25/18 12:54:32,196,196,0.035574952,0.034140502
323513:7220,09/25/18 17:18:38,279,279,0.000243372,0.000229289
323522:7221,09/25/18 22:02:29,2,0,0.000000020,0
323523:7221,09/25/18 22:06:34,25,21,0.007496499,0.005969731
323524:7221,09/25/18 22:27:02,562,555,0.191900837,0.182259814
323525:7221,09/26/18 02:05:25,1126,1122,0.256317267,0.246387677
323526:7221,09/26/18 09:22:44,594,503,0.083724677,0.069884662
323651:7232,09/28/18 08:55:18,1,1,0.000000014,0
323653:7232,09/28/18 09:07:18,1,1,0,0
323689:7234,09/29/18 01:28:14,1,0,0,0
323692:7234,09/29/18 01:28:25,2,1,0.000000402,0.000000395
323693:7234,09/29/18 01:33:10,135,131,0.050169938,0.045577203
323696:7234,09/29/18 02:33:10,272,268,0.098866575,0.089730194
323697:7234,09/29/18 04:18:36,134,36,0.043753878,0.000000107
323698:7234,09/29/18 05:10:36,8,4,0.002504151,0.000000621
323699:7234,09/29/18 05:13:42,99,84,0.030180811,0.023355885
323700:7234,09/29/18 05:52:07,459,447,0.120820631,0.113119821
323701:7234,09/29/18 08:50:07,17,8,0.003937976,0.000016539
323702:7234,09/29/18 08:56:35,815,815,0.152983198,0.148513092
323715:7235,09/29/18 16:00:07,2,1,0.000000034,0.000000001
323716:7235,09/29/18 16:10:12,1,1,0.000000017,0.000000015
323723:7236,09/29/18 18:27:24,1,0,0.000000017,0
323725:7236,09/29/18 18:33:51,351,342,0.134203401,0.122815963
323726:7236,09/29/18 20:49:58,60,53,0.020998587,0.014727822
323727:7236,09/29/18 21:13:06,988,988,0.262240614,0.253007376
323754:7239,09/30/18 10:57:41,1,0,0.000000015,0
323755:7239,09/30/18 11:13:10,951,951,0.317740141,0.304875417
323775:7240,09/30/18 19:45:10,146,142,0.055946671,0.051329405
323778:7240,09/30/18 20:41:27,935,935,0.285430568,0.273364984
323790:7242,10/01/18 07:17:58,927,915,0.300240660,0.282786368
323794:7242,10/01/18 13:29:18,69,69,0.017152715,0.016428564
323841:7245,10/01/18 23:14:37,487,478,0.170958913,0.159476300
323857:7245,10/02/18 02:35:31,364,364,0.101520545,0.097588110
323939:7252,10/03/18 00:49:44,12,0,0.000000229,0
323940:7252,10/03/18 00:54:09,1577,1567,0.461107945,0.437258344
323954:7252,10/03/18 11:06:38,78,78,0.016042267,0.015479626
323975:7253,10/03/18 13:42:35,1,1,0.000000018,0
323976:7253,10/03/18 13:55:31,72,63,0.027294454,0.020042610
323978:7253,10/03/18 14:23:02,74,68,0.029598309,0.022087338
323980:7253,10/03/18 14:51:36,207,199,0.076189520,0.068171106
323983:7253,10/03/18 16:11:59,203,187,0.066102041,0.057193629
323997:7253,10/03/18 17:30:40,499,499,0.135855446,0.130011475
324021:7256,10/04/18 01:31:59,790,785,0.275745857,0.257722425
324022:7256,10/04/18 06:50:16,603,603,0.143112863,0.137973165
324076:7259,10/04/18 21:56:19,1,0,0.000000040,0
324077:7259,10/04/18 22:00:25,840,727,0.297082663,0.250113427
324078:7259,10/05/18 03:40:33,708,708,0.171183471,0.165217259
324200:7264,10/06/18 23:44:39,1,1,0.000000040,0.000000040
324201:7264,10/06/18 23:50:59,1381,1372,0.388356370,0.370704079
324202:7264,10/07/18 08:48:52,263,238,0.044547395,0.039720395
324205:7264,10/07/18 10:31:04,173,160,0.025854044,0.023277859
324206:7264,10/07/18 11:38:15,171,141,0.023290104,0.017782803
324207:7264,10/07/18 12:44:25,47,33,0.006041491,0.004107698
324209:7264,10/07/18 13:02:20,528,528,0.037329216,0.035980914
324236:7265,10/07/18 21:13:31,2,0,0.000000042,0
324237:7265,10/07/18 21:17:35,218,218,0.083400247,0.078717770
324245:7266,10/08/18 01:27:01,1671,1671,0.441848375,0.424162441
324292:7270,10/08/18 22:47:50,2,0,0.000000038,0
324293:7270,10/08/18 23:03:26,2322,2322,0.541665782,0.522583862
324310:7271,10/09/18 16:00:25,1,0,0.000000042,0
324313:7271,10/09/18 16:10:00,23,13,0.006451352,0.000018956
324314:7271,10/09/18 16:23:25,8,3,0.002566100,0.000032774
324315:7271,10/09/18 16:26:19,214,205,0.079898922,0.070782146
324317:7271,10/09/18 17:49:22,12,2,0.004187439,0.000166553
324318:7271,10/09/18 17:53:42,337,337,0.106673058,0.101425931
324416:7274,10/10/18 23:26:19,21,0,0.008004319,0.000267529
324418:7274,10/10/18 23:34:01,132,121,0.039523189,0.034021215
324420:7274,10/11/18 00:24:58,633,633,0.213199024,0.202660793
324562:7299,10/14/18 00:36:22,26,0,0.000000805,0
324564:7299,10/14/18 00:46:21,796,796,0.000016977,0.000016788
324570:7300,10/14/18 07:43:43,10,0,0.000000332,0
324571:7300,10/14/18 07:47:35,531,531,0.000013197,0.000013016
324612:7304,10/15/18 00:43:18,79,79,0.000451557,0.000394668
324725:7308,10/16/18 08:09:04,188,177,0.016902003,0.015668417
324729:7308,10/16/18 09:28:04,206,206,0.016649333,0.015935083
324746:7309,10/16/18 12:28:29,1,0,0.000000014,0
324747:7309,10/16/18 12:32:23,1088,1084,0.329557227,0.313022769
324764:7309,10/16/18 19:54:47,150,147,0.032962861,0.030332915
324765:7309,10/16/18 20:52:50,482,478,0.091993507,0.088664432
324769:7309,10/16/18 23:59:46,433,338,0.062293260,0.047322360
324772:7309,10/17/18 02:48:01,171,171,0.020116803,0.019602098
324784:7310,10/17/18 05:42:42,2,0,0.000000025,0
324785:7310,10/17/18 05:47:00,599,594,0.199563256,0.189363670
324791:7310,10/17/18 10:04:48,1223,1223,0.255969138,0.247723685
324832:7314,10/17/18 22:09:26,1,0,0.000000014,0
324835:7314,10/17/18 22:15:10,351,341,0.130743423,0.114857847
324840:7314,10/18/18 00:41:16,96,93,0.032412611,0.027863782
324841:7314,10/18/18 01:18:35,1358,1347,0.316977034,0.303482805
324846:7314,10/18/18 10:06:07,523,523,0.072561698,0.070250921
324878:7315,10/18/18 15:43:26,1783,1783,0.436195214,0.418627399
324895:7317,10/19/18 06:21:22,1,0,0.000000014,0
324896:7317,10/19/18 06:25:41,1,1,0.000000015,0
324897:7317,10/19/18 06:29:51,153,153,0.057536901,0.053479875
324967:7320,10/19/18 14:34:51,1,1,0.000000016,0
324968:7320,10/19/18 14:43:42,150,142,0.044516747,0.039532051
324970:7320,10/19/18 15:42:39,2201,2201,0.505895441,0.486994478
324979:7321,10/20/18 07:57:37,1,0,0.000000014,0
324980:7321,10/20/18 08:01:42,2319,2319,0.553929943,0.530394236
324993:7324,10/21/18 04:13:52,4,0,0.000000057,0
324997:7324,10/21/18 04:27:42,144,135,0.052975599,0.045212110
324998:7324,10/21/18 05:23:15,371,362,0.124730513,0.114778149
324999:7324,10/21/18 07:47:05,44,38,0.013126573,0.003909933
325000:7324,10/21/18 08:03:56,376,371,0.100027429,0.095257794
325001:7324,10/21/18 10:29:40,601,601,0.126213438,0.121487549
325022:7328,10/21/18 20:53:33,1568,1568,0.456028245,0.440176793
325056:7331,10/22/18 13:47:23,1,0,0.000000014,0
325057:7331,10/22/18 14:03:17,355,355,0.131699942,0.124271216
325095:7333,10/22/18 20:59:39,1,0,0.000000014,0
325097:7333,10/22/18 21:14:48,81,71,0.031319712,0.021544642
325098:7333,10/22/18 21:46:04,13,8,0.005306209,0.002004861
325099:7333,10/22/18 21:50:54,396,388,0.149131093,0.139739518
325100:7333,10/23/18 00:24:31,266,254,0.082793698,0.074857325
325101:7333,10/23/18 02:07:46,495,483,0.126495661,0.119274914
325102:7333,10/23/18 05:20:07,13,10,0.002896543,0.002021046
325103:7333,10/23/18 05:25:10,61,31,0.013373127,0.006709704
325110:7333,10/23/18 05:48:35,21,16,0.004561290,0.003279274
325111:7333,10/23/18 05:56:28,36,18,0.008122095,0.003834304
325112:7333,10/23/18 06:10:14,64,49,0.014029745,0.009943029
325113:7333,10/23/18 06:34:57,131,121,0.027257847,0.021895083
325114:7333,10/23/18 07:25:41,33,8,0.006724776,0.001395863
325117:7333,10/23/18 07:38:22,559,544,0.092945019,0.087506309
325157:7334,10/23/18 14:15:35,1,0,0.000000011,0
325159:7334,10/23/18 14:32:45,241,227,0.075940779,0.065694533
325167:7334,10/23/18 16:06:08,9,2,0.002801491,0.000006616
325168:7334,10/23/18 16:09:34,26,18,0.008004098,0.004340675
325169:7334,10/23/18 16:19:30,31,23,0.009404208,0.005634408
325170:7334,10/23/18 16:31:19,1213,1204,0.276339497,0.265366897
325172:7334,10/24/18 00:22:14,491,476,0.073120357,0.069029588
325173:7334,10/24/18 03:32:57,10,6,0.001293134,0.000668201
325174:7334,10/24/18 03:36:37,50,38,0.005603896,0.004169633
325175:7334,10/24/18 03:55:59,13,13,0.001639140,0.001504016
325196:7336,10/24/18 11:14:35,61,52,0.000000007,0.000000006
325199:7336,10/24/18 11:38:01,53,43,0.000000006,0.000000005
325200:7336,10/24/18 11:58:27,69,57,0.000000008,0.000000006
325202:7336,10/24/18 12:25:10,40,35,0.000000005,0.000000003
325203:7336,10/24/18 12:40:25,29,25,0.000000003,0.000000001
325204:7336,10/24/18 12:51:34,3,3,0,0
325298:7357,10/25/18 23:52:28,2,0,0,0
325307:7358,10/26/18 05:48:25,5,0,0.000000002,0
325308:7358,10/26/18 05:56:26,159,152,0.002202590,0.001977120
325309:7358,10/26/18 07:06:48,51,44,0.000337768,0.000250208
325310:7358,10/26/18 07:26:37,145,145,0.001159466,0.001075174
325342:7362,10/26/18 14:45:46,1,1,0.000000002,0
325343:7362,10/26/18 14:50:15,61,61,0.001574463,0.001556418
325372:7365,10/26/18 22:25:38,28,0,0.003317551,0
325420:7385,10/29/18 07:28:34,2,0,0.000000002,0.000000002
325421:7385,10/29/18 07:32:07,69,63,0.000012138,0.000009651
325422:7385,10/29/18 08:10:04,182,143,0.000058637,0.000045893
325426:7386,10/29/18 11:06:07,5,0,0.000094425,0
325430:7386,10/29/18 11:07:47,515,56,0.013476549,0.001523908
325463:7390,10/30/18 05:57:57,2,0,0,0
325464:7390,10/30/18 06:02:08,302,298,0.000022558,0.000022086
325465:7390,10/30/18 08:23:49,52,52,0.000003980,0.000003953
325506:7392,10/30/18 18:54:42,2,1,0.000000002,0
325511:7392,10/30/18 19:03:23,39,6,0.001188665,0.000028252
325517:7392,10/30/18 20:33:59,18,5,0.000661163,0.000172077
325518:7392,10/30/18 20:40:49,41,17,0.001433700,0.000115072
325519:7392,10/30/18 20:56:34,24,19,0.000207831,0.000029161
325520:7392,10/30/18 21:05:52,155,155,0.004978858,0.004851083
325526:7394,10/31/18 05:44:34,1,0,0,0
325948:7400,11/04/18 02:52:04,11,0,0,0
325949:7400,11/04/18 02:56:01,162,162,0.000000647,0.000000643
325952:7401,11/04/18 05:56:18,14,1,0,0
325953:7401,11/04/18 06:01:34,74,40,0.000000309,0.000000048
325959:7402,11/04/18 09:56:56,11,0,0,0
325961:7402,11/04/18 10:00:55,34,23,0,0
325963:7402,11/04/18 10:13:54,43,6,0,0
325965:7402,11/04/18 10:30:27,120,114,0.000000031,0.000000016
325966:7402,11/04/18 11:16:45,28,22,0.000000069,0.000000052
325967:7402,11/04/18 11:27:24,58,45,0.000000147,0.000000112
325968:7402,11/04/18 11:49:45,122,117,0.000000313,0.000000294
325975:7402,11/04/18 12:36:58,19,10,0.000000049,0.000000023
325976:7402,11/04/18 12:44:20,25,17,0.000000064,0.000000041
325977:7402,11/04/18 12:53:51,394,383,0.000001054,0.000001012
325978:7402,11/04/18 15:26:47,113,103,0.000000349,0.000000316
325979:7402,11/04/18 16:10:23,281,281,0.000000741,0.000000733
325993:7403,11/04/18 22:30:24,11,0,0.000000001,0
325994:7403,11/04/18 22:34:04,50,50,0.000000007,0.000000006
325997:7404,11/04/18 23:12:55,11,0,0.000000001,0
325998:7404,11/04/18 23:17:00,12,12,0,0
325999:7406,11/05/18 01:53:55,15,2,0.000000157,0
326000:7406,11/05/18 01:59:18,244,244,0.000004165,0.000004117
326002:7407,11/05/18 04:32:19,14,0,0.000000239,0
326004:7407,11/05/18 04:37:38,283,283,0.000004810,0.000004769
326153:7410,11/05/18 23:02:01,14,0,0,0
326155:7410,11/05/18 23:07:38,19,19,0,0
326159:7411,11/06/18 00:52:24,7,0,0,0
326161:7411,11/06/18 00:57:18,5,0,0,0
326162:7411,11/06/18 00:59:53,13,10,0,0
326163:7411,11/06/18 01:04:45,2,1,0,0
326167:7412,11/06/18 02:25:34,4,0,0,0
326168:7412,11/06/18 02:31:09,5,4,0,0
326173:7413,11/06/18 04:26:23,5,0,0,0
326175:7413,11/06/18 04:31:02,43,35,0,0
326176:7413,11/06/18 04:49:36,40,40,0,0
326188:7414,11/06/18 09:21:06,9,2,0,0
326189:7414,11/06/18 09:27:51,11,10,0,0
326190:7414,11/06/18 09:45:05,1,1,0,0
326212:7415,11/06/18 14:42:17,10,0,0,0
326214:7415,11/06/18 14:46:38,21,15,0,0
326215:7415,11/06/18 14:57:38,18,10,0,0
326217:7415,11/06/18 15:04:42,76,70,0,0
326218:7415,11/06/18 15:34:01,118,77,0,0
326221:7415,11/06/18 16:19:46,41,34,0,0
326222:7415,11/06/18 16:35:34,20,12,0,0
326223:7415,11/06/18 16:42:59,31,22,0,0
326224:7415,11/06/18 16:54:59,25,25,0,0
326236:7416,11/06/18 19:54:44,14,2,0,0
326237:7416,11/06/18 19:59:46,375,367,0,0
326238:7416,11/06/18 22:25:10,565,565,0,0
326246:7418,11/07/18 06:32:30,9,0,0,0
326247:7418,11/07/18 06:36:47,29,29,0,0
326260:7419,11/07/18 09:59:05,10,0,0,0
326261:7419,11/07/18 10:02:35,12,4,0,0
326262:7419,11/07/18 10:07:39,545,545,0,0
326294:7420,11/07/18 17:00:29,13,2,0,0
326295:7420,11/07/18 17:05:31,64,64,0,0
326301:7421,11/07/18 19:28:07,13,0,0,0
326303:7421,11/07/18 19:33:08,237,226,0,0
326305:7421,11/07/18 21:04:57,365,365,0,0
326307:7422,11/08/18 01:25:05,15,0,0,0
326309:7422,11/08/18 01:30:45,207,204,0,0
326310:7422,11/08/18 02:51:10,1,1,0,0
326352:7425,11/08/18 13:51:45,13,0,0,0
326354:7425,11/08/18 13:56:32,70,67,0,0
326355:7425,11/08/18 14:23:38,23,16,0,0
326356:7425,11/08/18 14:32:45,15,15,0,0
326361:7426,11/08/18 16:28:30,16,2,0,0
326362:7426,11/08/18 16:34:38,26,22,0,0
326363:7426,11/08/18 16:44:27,11,4,0,0
326364:7426,11/08/18 16:48:50,5,5,0,0
326379:7427,11/08/18 19:52:01,23,2,0,0
326381:7427,11/08/18 20:00:44,116,107,0,0
326382:7427,11/08/18 20:45:27,30,21,0,0
326383:7427,11/08/18 20:56:45,28,21,0,0
326384:7427,11/08/18 21:07:27,141,97,0,0
326388:7427,11/08/18 22:02:10,24,2,0,0
326389:7427,11/08/18 22:11:16,44,35,0,0
326390:7427,11/08/18 22:28:04,29,5,0,0
326392:7427,11/08/18 22:39:13,553,549,0,0
326393:7427,11/09/18 02:13:47,174,174,0,0
326397:7428,11/09/18 05:07:58,11,0,0,0
326398:7428,11/09/18 05:11:59,521,521,0.000000001,0.000000001
326422:7429,11/09/18 11:05:29,15,3,0,0
326424:7429,11/09/18 11:10:58,13,3,0,0
326425:7429,11/09/18 11:16:00,28,15,0,0
326428:7429,11/09/18 11:26:50,77,69,0,0
326429:7429,11/09/18 11:56:38,28,21,0,0
326430:7429,11/09/18 12:07:17,23,14,0,0
326431:7429,11/09/18 12:15:55,28,17,0,0
326432:7429,11/09/18 12:26:52,38,6,0,0
326434:7429,11/09/18 12:41:22,118,93,0,0
326438:7429,11/09/18 13:27:10,47,29,0,0
326440:7429,11/09/18 13:45:20,17,17,0,0
326449:7430,11/09/18 15:32:52,6,0,0,0
326458:7431,11/09/18 17:15:50,5,0,0,0
326460:7431,11/09/18 17:17:23,104,97,0,0
326461:7431,11/09/18 17:57:26,7,7,0,0
326467:7432,11/09/18 19:29:34,11,0,0,0
326468:7432,11/09/18 19:33:44,27,23,0,0
326469:7432,11/09/18 19:44:02,27,27,0,0
326474:7433,11/09/18 22:53:13,12,0,0,0
326476:7433,11/09/18 22:57:38,114,109,0.000000002,0.000000001
326477:7433,11/09/18 23:41:53,22,16,0,0
326478:7433,11/09/18 23:50:18,62,57,0,0
326479:7433,11/10/18 00:14:25,24,20,0,0
326480:7433,11/10/18 00:23:26,36,21,0,0
326482:7433,11/10/18 00:37:23,195,190,0.000000002,0.000000002
326483:7433,11/10/18 01:53:05,249,249,0.000000002,0.000000002
326497:7435,11/10/18 15:18:34,23,2,0,0
326498:7435,11/10/18 15:27:12,34,23,0,0
326499:7435,11/10/18 15:40:15,66,61,0.000000001,0.000000001
326500:7435,11/10/18 16:05:33,35,29,0,0
326501:7435,11/10/18 16:18:52,295,290,0.000000005,0.000000004
326502:7435,11/10/18 18:13:09,51,46,0,0
326503:7435,11/10/18 18:32:44,32,28,0,0
326504:7435,11/10/18 18:45:11,69,58,0,0
326507:7435,11/10/18 19:11:58,189,176,0.000000002,0.000000002
326511:7435,11/10/18 20:25:23,27,20,0,0
326512:7435,11/10/18 20:35:42,121,121,0,0
326516:7436,11/11/18 00:24:15,40,0,0,0
326518:7436,11/11/18 00:39:39,55,48,0.000000003,0.000000002
326519:7436,11/11/18 01:00:41,24,20,0.000000001,0
326520:7436,11/11/18 01:09:40,22,9,0.000000001,0
326521:7436,11/11/18 01:17:59,35,21,0.000000002,0
326522:7436,11/11/18 01:31:17,33,26,0.000000001,0
326523:7436,11/11/18 01:43:55,5,2,0,0
326524:7436,11/11/18 01:45:50,47,41,0.000000002,0.000000001
326525:7436,11/11/18 02:03:57,22,12,0,0
326526:7436,11/11/18 02:12:27,35,31,0.000000001,0.000000001
326527:7436,11/11/18 02:25:42,23,19,0,0
326528:7436,11/11/18 02:34:23,68,65,0.000000002,0.000000002
326529:7436,11/11/18 03:00:43,12,4,0,0
326530:7436,11/11/18 03:05:15,37,34,0.000000001,0
326531:7436,11/11/18 03:19:31,44,40,0.000000001,0.000000001
326532:7436,11/11/18 03:36:35,55,52,0.000000001,0.000000001
326533:7436,11/11/18 03:57:57,93,90,0.000000002,0.000000002
326534:7436,11/11/18 04:33:50,54,51,0.000000001,0.000000001
326535:7436,11/11/18 04:54:39,229,229,0.000000004,0.000000004
326543:7437,11/11/18 10:32:44,13,0,0,0
326545:7437,11/11/18 10:37:48,122,119,0.000000004,0.000000004
326546:7437,11/11/18 11:25:07,22,19,0.000000001,0
326547:7437,11/11/18 11:33:39,116,111,0.000000005,0.000000004
326548:7437,11/11/18 12:18:43,96,92,0.000000003,0.000000003
326549:7437,11/11/18 12:55:52,66,63,0.000000002,0.000000002
326550:7437,11/11/18 13:21:31,69,63,0.000000002,0.000000002
326551:7437,11/11/18 13:48:16,61,56,0.000000002,0.000000001
326552:7437,11/11/18 14:11:52,26,22,0,0
326553:7437,11/11/18 14:21:53,66,66,0,0
326566:7438,11/11/18 18:42:01,19,2,0,0
326568:7438,11/11/18 18:49:23,62,51,0.000000002,0.000000001
326569:7438,11/11/18 19:13:08,93,90,0.000000004,0.000000003
326570:7438,11/11/18 19:49:14,12,5,0,0
326571:7438,11/11/18 19:53:53,91,85,0.000000003,0.000000003
326572:7438,11/11/18 20:29:00,79,73,0.000000002,0.000000002
326573:7438,11/11/18 20:59:40,61,55,0.000000002,0.000000001
326574:7438,11/11/18 21:23:10,123,119,0.000000003,0.000000003
326575:7438,11/11/18 22:10:56,73,65,0.000000002,0.000000001
326576:7438,11/11/18 22:39:06,18,9,0,0
326577:7438,11/11/18 22:45:52,85,78,0.000000002,0.000000001
326578:7438,11/11/18 23:18:40,48,37,0,0
326580:7438,11/11/18 23:37:12,312,312,0.000000005,0.000000004
326583:7439,11/12/18 06:21:37,14,0,0,0
326585:7439,11/12/18 06:26:41,330,321,0.000000016,0.000000014
326586:7439,11/12/18 08:34:40,380,371,0.000000013,0.000000011
326587:7439,11/12/18 11:02:06,409,409,0.000000008,0.000000008
326615:7440,11/12/18 18:42:04,17,3,0,0
326617:7440,11/12/18 18:48:38,450,444,0.000000025,0.000000024
326618:7440,11/12/18 21:43:22,5,2,0,0
326619:7440,11/12/18 21:45:13,98,93,0.000000004,0.000000004
326620:7440,11/12/18 22:23:06,76,70,0.000000003,0.000000002
326621:7440,11/12/18 22:52:23,5,3,0,0
326622:7440,11/12/18 22:54:18,108,105,0.000000003,0.000000003
326623:7440,11/12/18 23:36:06,484,484,0.000000003,0.000000003
326626:7441,11/13/18 06:06:19,11,0,0,0
326627:7441,11/13/18 06:10:16,434,429,0.000000004,0.000000004
326628:7441,11/13/18 08:58:47,51,42,0,0
326630:7441,11/13/18 09:18:14,23,20,0,0
326631:7441,11/13/18 09:27:03,7,4,0,0
326632:7441,11/13/18 09:29:30,43,39,0,0
326633:7441,11/13/18 09:45:52,46,33,0,0
326635:7441,11/13/18 10:03:42,426,418,0.000000002,0.000000002
326636:7441,11/13/18 12:48:52,170,170,0.000000001,0.000000001
326675:7442,11/13/18 18:41:35,11,0,0,0
326676:7442,11/13/18 18:45:28,619,619,0.000000012,0.000000012
326716:7443,11/14/18 15:54:48,5,0,0,0
326717:7443,11/14/18 15:56:38,69,58,0.000000001,0
326718:7443,11/14/18 16:23:20,908,908,0.000000013,0.000000013
326721:7444,11/15/18 01:39:15,10,0,0,0
326722:7444,11/15/18 01:43:07,1172,1172,0.000000044,0.000000042
326773:7446,11/15/18 18:46:52,21,2,0,0
326775:7446,11/15/18 18:54:59,13,9,0,0
326776:7446,11/15/18 18:59:44,1174,1174,0.000000046,0.000000044
326782:7447,11/16/18 04:39:58,13,0,0,0
326784:7447,11/16/18 04:44:56,32,32,0,0
326789:7448,11/16/18 07:12:46,11,0,0,0
326790:7448,11/16/18 07:16:51,508,496,0.000000024,0.000000022
326791:7448,11/16/18 10:33:57,671,671,0.000000022,0.000000022
326813:7449,11/16/18 17:15:58,18,0,0,0
326815:7449,11/16/18 17:22:43,1163,1163,0.000000046,0.000000045
326819:7450,11/17/18 03:09:03,13,0,0,0
326822:7450,11/17/18 03:13:49,1176,1176,0.000000043,0.000000042
326833:7451,11/17/18 13:40:30,12,0,0,0
326834:7451,11/17/18 13:44:50,25,25,0,0
326840:7452,11/17/18 16:14:55,20,1,0,0
326842:7452,11/17/18 16:22:21,30,30,0,0
326853:7453,11/18/18 06:12:07,11,0,0,0
326854:7453,11/18/18 06:16:03,260,248,0.000000012,0.000000011
326855:7453,11/18/18 07:56:59,562,553,0.000000026,0.000000025
326856:7453,11/18/18 11:35:07,883,853,0.000000018,0.000000017
326858:7453,11/18/18 17:17:54,14,1,0,0
326859:7453,11/18/18 17:23:04,276,276,0.000000003,0.000000003
326879:7454,11/18/18 23:13:10,14,0,0,0
326883:7454,11/18/18 23:18:21,305,295,0.000000014,0.000000013
326884:7454,11/19/18 01:16:32,38,33,0.000000002,0.000000001
326885:7454,11/19/18 01:31:14,61,52,0.000000003,0.000000002
326886:7454,11/19/18 01:54:43,102,97,0.000000005,0.000000003
326887:7454,11/19/18 02:34:06,1211,1207,0.000000022,0.000000022
326888:7454,11/19/18 10:24:15,601,589,0.000000002,0.000000002
326889:7454,11/19/18 14:17:31,31,19,0,0
326890:7454,11/19/18 14:29:18,24,12,0,0
326891:7454,11/19/18 14:38:36,81,68,0,0
326894:7454,11/19/18 15:10:02,20,7,0,0
326896:7454,11/19/18 15:17:30,12,4,0,0
326897:7454,11/19/18 15:22:00,66,66,0,0
326924:7455,11/19/18 18:10:46,21,2,0,0
326926:7455,11/19/18 18:18:49,18,18,0,0
326940:7456,11/19/18 20:33:22,11,0,0,0
326941:7456,11/19/18 20:37:36,244,233,0.000000008,0.000000007
326942:7456,11/19/18 22:12:15,306,296,0.000000015,0.000000014
326943:7456,11/20/18 00:10:57,619,619,0.000000020,0.000000020
326958:7457,11/20/18 09:37:14,14,0,0,0
326959:7457,11/20/18 09:42:00,42,32,0,0
326960:7457,11/20/18 09:58:05,12,3,0,0
326961:7457,11/20/18 10:02:38,1053,1024,0.000000043,0.000000041
326965:7457,11/20/18 16:51:45,73,73,0.000000001,0.000000001
326985:7458,11/20/18 20:03:18,32,2,0,0
326988:7458,11/20/18 20:15:13,8,3,0,0
326989:7458,11/20/18 20:18:01,12,4,0,0
326990:7458,11/20/18 20:22:40,23,10,0,0
326991:7458,11/20/18 20:31:37,9,9,0,0
326995:7459,11/20/18 22:49:43,23,0,0,0
326998:7459,11/20/18 22:58:34,51,51,0.000000002,0.000000002
327002:7460,11/21/18 01:27:43,11,0,0,0
327004:7460,11/21/18 01:31:51,771,762,0.000000034,0.000000033
327005:7460,11/21/18 06:31:17,5,5,0,0
327017:7461,11/21/18 09:46:21,12,0,0,0
327019:7461,11/21/18 09:50:50,103,80,0,0
327021:7461,11/21/18 10:30:49,41,29,0,0
327022:7461,11/21/18 10:46:30,52,47,0,0
327023:7461,11/21/18 11:06:37,255,255,0,0
327047:7462,11/21/18 16:19:03,16,0,0,0
327049:7462,11/21/18 16:25:10,74,65,0,0
327050:7462,11/21/18 16:53:48,756,756,0,0
327071:7463,11/21/18 23:19:38,30,0,0,0
327074:7463,11/21/18 23:31:07,126,126,0,0
327076:7464,11/22/18 02:29:24,11,0,0,0
327077:7464,11/22/18 02:33:24,132,128,0.000000005,0.000000005
327078:7464,11/22/18 03:24:29,938,938,0.000000035,0.000000034
327105:7465,11/22/18 12:24:39,5,5,0,0
327120:7466,11/22/18 17:42:06,70,5,0,0
327123:7466,11/22/18 18:08:58,281,278,0.000000022,0.000000021
327124:7466,11/22/18 19:58:07,10,2,0,0
327125:7466,11/22/18 20:01:52,301,296,0.000000016,0.000000015
327126:7466,11/22/18 21:58:41,737,737,0.000000019,0.000000018
327145:7467,11/23/18 08:44:13,11,0,0,0
327146:7467,11/23/18 08:48:08,30,25,0,0
327147:7467,11/23/18 08:59:47,322,318,0.000000029,0.000000027
327148:7467,11/23/18 11:04:34,909,909,0.000000037,0.000000036
327169:7468,11/23/18 19:22:23,12,0,0,0
327173:7468,11/23/18 19:26:42,262,257,0.000000025,0.000000023
327174:7468,11/23/18 21:08:13,1297,1297,0.000000052,0.000000050
327210:7471,11/24/18 13:13:23,19,5,0,0
327211:7471,11/24/18 13:20:24,1294,1294,0.000000068,0.000000065
327217:7472,11/24/18 23:54:52,32,16,0,0
327219:7472,11/25/18 00:06:52,1104,1095,0.000000065,0.000000062
327220:7472,11/25/18 07:16:10,123,111,0.000000003,0.000000002
327221:7472,11/25/18 08:03:40,30,20,0,0
327236:7473,11/25/18 10:30:55,16,5,0,0
327237:7473,11/25/18 10:36:47,1226,1220,0.000000070,0.000000068
327238:7473,11/25/18 18:32:56,320,320,0.000000006,0.000000006
327262:7474,11/26/18 00:53:33,14,2,0,0
327264:7474,11/26/18 00:58:53,948,948,0.000000059,0.000000057
327308:7475,11/26/18 17:18:50,20,8,0,0
327310:7475,11/26/18 17:25:57,22,11,0.000000002,0
327311:7475,11/26/18 17:34:14,7,3,0,0
327325:7477,11/26/18 22:07:32,13,0,0,0
327327:7477,11/26/18 22:12:19,1402,1402,0.000000067,0.000000064
327359:7478,11/27/18 11:46:38,11,0,0,0
327361:7478,11/27/18 11:50:57,576,573,0,0
327374:7478,11/27/18 15:34:24,42,30,0,0
327375:7478,11/27/18 15:50:31,407,387,0,0
327377:7478,11/27/18 18:28:30,76,65,0,0
327378:7478,11/27/18 18:57:49,54,54,0,0
327399:7480,11/27/18 22:52:51,11,0,0,0
327400:7480,11/27/18 22:57:03,583,576,0.000000049,0.000000046
327401:7480,11/28/18 02:43:13,14,5,0,0
327402:7480,11/28/18 02:48:36,304,295,0.000000013,0.000000012
327403:7480,11/28/18 04:46:26,352,352,0.000000010,0.000000009
327423:7481,11/28/18 09:38:15,1,0,0,0
327424:7481,11/28/18 09:54:37,78,53,0.000000009,0.000000005
327430:7481,11/28/18 10:24:34,1094,1086,0.000000063,0.000000061
327431:7481,11/28/18 17:29:33,142,142,0.000000003,0.000000003
327454:7482,11/28/18 21:50:02,1,0,0,0
327455:7482,11/28/18 21:54:08,80,80,0.000000009,0.000000008
327462:7483,11/29/18 01:18:17,298,291,0.000000020,0.000000019
327463:7483,11/29/18 03:23:23,234,228,0.000000009,0.000000009
327464:7483,11/29/18 04:54:15,545,537,0.000000014,0.000000014
327465:7483,11/29/18 08:25:41,662,656,0.000000003,0.000000003
327466:7483,11/29/18 12:42:34,286,286,0,0
327488:7485,11/29/18 20:10:09,381,377,0.000000028,0.000000027
327489:7485,11/29/18 22:49:13,853,853,0.000000028,0.000000028
327493:7486,11/30/18 08:19:32,2,0,0,0
327495:7486,11/30/18 08:23:44,1184,1184,0.000000056,0.000000055
327516:7487,11/30/18 18:49:01,1179,1168,0.000000064,0.000000062
327517:7487,12/01/18 02:36:36,147,147,0.000000003,0.000000003
327524:7488,12/01/18 06:26:34,803,797,0.000000055,0.000000052
327525:7488,12/01/18 11:48:46,175,169,0.000000005,0.000000005
327526:7488,12/01/18 12:56:30,212,207,0.000000005,0.000000005
327527:7488,12/01/18 14:18:50,68,68,0.000000001,0.000000001
327534:7489,12/01/18 17:16:05,1,0,0,0
327537:7489,12/01/18 17:16:10,119,119,0.000000013,0.000000012
327554:7490,12/01/18 20:25:14,1322,1320,0.000000068,0.000000066
327559:7491,12/02/18 07:32:56,1,0,0,0
327560:7491,12/02/18 07:45:28,754,754,0.000000053,0.000000051
327564:7492,12/02/18 14:40:40,205,205,0.000000008,0.000000008
#Summary:
#nfill,nrun,nls,ncms,totdelivered(/fb),totrecorded(/fb)
#383,1606,377479,359510,67.848260524,63.552194299
